block,reth,geth_cc,geth_total,delta,delta_pct
450000,2,2,2,0,0.0
750000,2,2,2,0,0.0
850000,1,1,1,0,0.0
950000,1,1,1,0,0.0
1050000,5,5,5,0,0.0
1150000,23,21,21,2,9.5
1250000,1,1,1,0,0.0
1350000,40,42,42,-2,-4.8
1450000,1,1,1,0,0.0
1550000,190,190,190,0,0.0
1950000,13,13,13,0,0.0
2050000,23,23,23,0,0.0
2150000,4,4,4,0,0.0
2650000,1,1,1,0,0.0
2750000,80,80,80,0,0.0
2850000,19,19,19,0,0.0
2950000,3,3,3,0,0.0
3050000,55,55,55,0,0.0
3150000,37,36,36,1,2.8
3250000,3,3,3,0,0.0
3550000,5,5,5,0,0.0
3650000,33,33,33,0,0.0
3750000,24,24,24,0,0.0
3850000,56,56,56,0,0.0
3950000,202,206,206,-4,-1.9
4050000,63,81,81,-18,-22.2
4150000,100,109,109,-9,-8.3
4250000,377,377,377,0,0.0
4350000,190,209,209,-19,-9.1
4450000,225,257,257,-32,-12.5
4550000,180,204,204,-24,-11.8
4650000,56,58,58,-2,-3.4
4750000,288,300,300,-12,-4.0
4850000,196,199,199,-3,-1.5
4950000,349,376,376,-27,-7.2
5050000,248,255,255,-7,-2.7
5150000,113,117,117,-4,-3.4
5250000,237,240,240,-3,-1.2
5350000,294,296,296,-2,-0.7
5450000,114,114,114,0,0.0
5550000,224,235,235,-11,-4.7
5650000,246,249,249,-3,-1.2
5750000,204,204,204,0,0.0
5850000,211,211,211,0,0.0
5950000,291,291,291,0,0.0
6050000,79,87,87,-8,-9.2
6150000,50,51,51,-1,-2.0
6250000,295,297,297,-2,-0.7
6350000,498,518,518,-20,-3.9
6450000,335,338,358,-3,-0.9
6550000,304,304,367,0,0.0
6650000,10,10,10,0,0.0
6750000,219,224,224,-5,-2.2
6850000,339,345,365,-6,-1.7
6950000,539,539,539,0,0.0
7050000,223,227,227,-4,-1.8
7150000,337,349,355,-12,-3.4
7250000,266,276,276,-10,-3.6
7350000,331,345,347,-14,-4.1
7450000,672,672,818,0,0.0
7550000,77,81,87,-4,-4.9
7650000,231,245,246,-14,-5.7
7750000,49,51,51,-2,-3.9
7850000,78,79,79,-1,-1.3
7950000,196,224,224,-28,-12.5
8050000,297,301,301,-4,-1.3
8150000,368,384,385,-16,-4.2
8250000,268,278,278,-10,-3.6
8350000,429,436,453,-7,-1.6
8450000,357,361,361,-4,-1.1
8550000,269,276,276,-7,-2.5
8650000,397,397,397,0,0.0
8750000,197,198,198,-1,-0.5
8850000,285,297,297,-12,-4.0
8950000,708,713,714,-5,-0.7
9050000,261,266,274,-5,-1.9
9150000,191,200,200,-9,-4.5
9350000,3,3,3,0,0.0
9450000,500,508,508,-8,-1.6
9550000,308,318,318,-10,-3.1
9650000,37,38,38,-1,-2.6
9750000,443,459,459,-16,-3.5
9850000,133,134,134,-1,-0.7
9950000,63,65,65,-2,-3.1
10050000,290,298,298,-8,-2.7
10150000,449,457,460,-8,-1.8
10250000,464,466,466,-2,-0.4
10350000,615,618,618,-3,-0.5
10450000,459,463,477,-4,-0.9
10550000,572,574,574,-2,-0.3
10650000,634,645,656,-11,-1.7
10750000,492,516,516,-24,-4.7
10850000,978,982,982,-4,-0.4
10950000,760,775,775,-15,-1.9
11050000,753,753,760,0,0.0
11150000,600,604,607,-4,-0.7
11250000,544,549,549,-5,-0.9
11350000,845,854,854,-9,-1.1
11450000,816,818,833,-2,-0.2
11550000,785,799,806,-14,-1.8
11650000,788,796,814,-8,-1.0
11750000,875,887,962,-12,-1.4
11850000,819,820,839,-1,-0.1
11950000,549,564,564,-15,-2.7
12050000,631,642,648,-11,-1.7
12150000,619,634,637,-15,-2.4
12250000,895,899,903,-4,-0.4
12350000,623,627,640,-4,-0.6
12450000,699,721,733,-22,-3.1
12550000,774,785,785,-11,-1.4
12650000,877,888,888,-11,-1.2
12750000,883,896,909,-13,-1.5
12850000,3,3,3,0,0.0
12950000,897,913,927,-16,-1.8
13050000,1532,1574,1574,-42,-2.7
13150000,186,192,195,-6,-3.1
13250000,505,520,520,-15,-2.9
13350000,705,751,751,-46,-6.1
13450000,1611,1628,1628,-17,-1.0
13550000,270,275,275,-5,-1.8
13650000,949,963,963,-14,-1.5
13750000,1192,1223,1223,-31,-2.5
13850000,1018,1040,1040,-22,-2.1
13950000,1168,1205,1205,-37,-3.1
14050000,299,308,308,-9,-2.9
14150000,1293,1299,1299,-6,-0.5
14250000,619,636,636,-17,-2.7
14350000,967,996,996,-29,-2.9
14450000,55,65,65,-10,-15.4
14550000,1838,1870,1870,-32,-1.7
14650000,93,111,111,-18,-16.2
14750000,1507,1567,1567,-60,-3.8
14850000,1232,1294,1294,-62,-4.8
14950000,722,746,746,-24,-3.2
15050000,234,242,242,-8,-3.3
15150000,1470,1521,1521,-51,-3.4
15250000,377,387,387,-10,-2.6
15350000,509,517,517,-8,-1.5
15450000,595,621,621,-26,-4.2
15550000,677,688,688,-11,-1.6
15650000,81,90,90,-9,-10.0
15750000,752,771,771,-19,-2.5
15850000,833,870,870,-37,-4.3
15950000,709,722,722,-13,-1.8
16050000,1039,1046,1046,-7,-0.7
16150000,668,679,679,-11,-1.6
16250000,675,796,796,-121,-15.2
16350000,585,615,615,-30,-4.9
16450000,741,759,759,-18,-2.4
16550000,1128,1151,1151,-23,-2.0
16650000,971,1030,1030,-59,-5.7
16750000,982,1089,1089,-107,-9.8
16850000,642,698,698,-56,-8.0
16950000,513,549,549,-36,-6.6
17050000,422,543,543,-121,-22.3
17150000,342,356,356,-14,-3.9
17250000,1436,1483,1483,-47,-3.2
17350000,556,564,565,-8,-1.4
17450000,685,705,705,-20,-2.8
17550000,841,855,855,-14,-1.6
17650000,812,824,824,-12,-1.5
17750000,977,987,987,-10,-1.0
17850000,744,750,750,-6,-0.8
17950000,939,962,962,-23,-2.4
18050000,819,824,824,-5,-0.6
18150000,576,596,596,-20,-3.4
18250000,815,924,924,-109,-11.8
18350000,655,759,759,-104,-13.7
18450000,654,669,669,-15,-2.2
18550000,865,1748,1748,-883,-50.5
18650000,1416,1637,1637,-221,-13.5
18750000,513,521,521,-8,-1.5
18850000,1001,1038,1038,-37,-3.6
18950000,550,559,559,-9,-1.6
19050000,633,702,702,-69,-9.8
19150000,816,822,822,-6,-0.7
19250000,696,764,764,-68,-8.9
19350000,701,794,794,-93,-11.7
19450000,1023,1138,1138,-115,-10.1
19550000,1732,1778,1778,-46,-2.6
19650000,676,691,691,-15,-2.2
19750000,2479,2525,2525,-46,-1.8
19850000,324,325,326,-1,-0.3
19950000,3323,5931,5931,-2608,-44.0
20050000,1109,1125,1125,-16,-1.4
20150000,538,547,547,-9,-1.6
20250000,1308,1330,1368,-22,-1.7
20350000,528,546,546,-18,-3.3
20450000,1389,1525,1525,-136,-8.9
20550000,1008,1021,1021,-13,-1.3
20650000,1204,1218,1218,-14,-1.1
20750000,1763,1831,1831,-68,-3.7
20850000,837,855,855,-18,-2.1
20950000,1144,1161,1161,-17,-1.5
21050000,1320,1344,1344,-24,-1.8
21150000,1313,1331,1332,-18,-1.4
21250000,1526,1547,1547,-21,-1.4
21350000,935,948,948,-13,-1.4
21450000,944,1044,1044,-100,-9.6
21550000,1608,1698,1698,-90,-5.3
21650000,689,767,767,-78,-10.2
21750000,650,673,673,-23,-3.4
21850000,196,216,216,-20,-9.3
21950000,1237,1241,1241,-4,-0.3
22050000,1159,1230,1230,-71,-5.8
22150000,1509,1552,1552,-43,-2.8
22250000,1416,1430,1430,-14,-1.0
22350000,924,946,946,-22,-2.3
22450000,1415,1486,1486,-71,-4.8
22550000,383,391,391,-8,-2.0
22650000,1380,1447,1447,-67,-4.6
22750000,3492,3521,3521,-29,-0.8
22850000,746,774,774,-28,-3.6
22950000,1241,1274,1276,-33,-2.6
23050000,1367,1442,1442,-75,-5.2
23150000,1536,1566,1566,-30,-1.9
23250000,1436,1447,1447,-11,-0.8
23350000,1486,1564,1564,-78,-5.0
23450000,1966,2017,2017,-51,-2.5
23550000,1469,1570,1570,-101,-6.4
23650000,895,968,968,-73,-7.5
23750000,499,515,515,-16,-3.1
23850000,1644,1696,1696,-52,-3.1
23950000,1359,1430,1430,-71,-5.0
24050000,2111,2189,2189,-78,-3.6
24150000,494,496,496,-2,-0.4
24250000,2277,2400,2400,-123,-5.1
24350000,1599,1707,1707,-108,-6.3
24450000,2725,3248,3249,-523,-16.1
24550000,2046,3023,3023,-977,-32.3
24650000,2353,2447,2447,-94,-3.8
24750000,2093,2277,2278,-184,-8.1
24850000,2738,4200,4201,-1462,-34.8
24950000,1898,2035,2035,-137,-6.7
25050000,1877,1937,1937,-60,-3.1
25150000,2155,2182,2182,-27,-1.2
25250000,1881,2107,2107,-226,-10.7
25350000,1061,1221,1221,-160,-13.1
