sample,from,to,sync_ms,clean_blk_s
0,9900,9999,106,943.3
1,19900,19999,92,1086.9
2,29900,29999,102,980.3
3,39900,39999,86,1162.7
4,49900,49999,109,917.4
5,59900,59999,71,1408.4
6,69900,69999,83,1204.8
7,79900,79999,97,1030.9
8,89900,89999,73,1369.8
9,99900,99999,86,1162.7
10,109900,109999,88,1136.3
11,119900,119999,74,1351.3
12,129900,129999,111,900.9
13,139900,139999,70,1428.5
14,149900,149999,91,1098.9
15,159900,159999,96,1041.6
16,169900,169999,87,1149.4
17,179900,179999,70,1428.5
18,189900,189999,108,925.9
19,199900,199999,92,1086.9
20,209900,209999,77,1298.7
21,219900,219999,110,909.0
22,229900,229999,79,1265.8
23,239900,239999,94,1063.8
24,249900,249999,71,1408.4
25,259900,259999,95,1052.6
26,269900,269999,87,1149.4
27,279900,279999,112,892.8
28,289900,289999,94,1063.8
29,299900,299999,82,1219.5
30,309900,309999,81,1234.5
31,319900,319999,70,1428.5
32,329900,329999,78,1282.0
33,339900,339999,98,1020.4
34,349900,349999,86,1162.7
35,359900,359999,93,1075.2
36,369900,369999,90,1111.1
37,379900,379999,62,1612.9
38,389900,389999,92,1086.9
39,399900,399999,105,952.3
40,409900,409999,99,1010.1
41,419900,419999,99,1010.1
42,429900,429999,65,1538.4
43,439900,439999,66,1515.1
44,449900,449999,74,1351.3
45,459900,459999,78,1282.0
46,469900,469999,85,1176.4
47,479900,479999,75,1333.3
48,489900,489999,92,1086.9
49,499900,499999,91,1098.9
50,509900,509999,76,1315.7
51,519900,519999,75,1333.3
52,529900,529999,93,1075.2
53,539900,539999,106,943.3
54,549900,549999,74,1351.3
55,559900,559999,73,1369.8
56,569900,569999,91,1098.9
57,579900,579999,77,1298.7
58,589900,589999,69,1449.2
59,599900,599999,70,1428.5
60,609900,609999,87,1149.4
61,619900,619999,93,1075.2
62,629900,629999,81,1234.5
63,639900,639999,90,1111.1
64,649900,649999,81,1234.5
65,659900,659999,93,1075.2
66,669900,669999,70,1428.5
67,679900,679999,95,1052.6
68,689900,689999,112,892.8
69,699900,699999,77,1298.7
70,709900,709999,79,1265.8
71,719900,719999,78,1282.0
72,729900,729999,96,1041.6
73,739900,739999,69,1449.2
74,749900,749999,71,1408.4
75,759900,759999,100,1000.0
76,769900,769999,86,1162.7
77,779900,779999,89,1123.5
78,789900,789999,71,1408.4
79,799900,799999,81,1234.5
80,809900,809999,94,1063.8
81,819900,819999,81,1234.5
82,829900,829999,89,1123.5
83,839900,839999,96,1041.6
84,849900,849999,75,1333.3
85,859900,859999,74,1351.3
86,869900,869999,73,1369.8
87,879900,879999,87,1149.4
88,889900,889999,109,917.4
89,899900,899999,99,1010.1
90,909900,909999,97,1030.9
91,919900,919999,91,1098.9
92,929900,929999,74,1351.3
93,939900,939999,104,961.5
94,949900,949999,64,1562.5
95,959900,959999,100,1000.0
96,969900,969999,79,1265.8
97,979900,979999,101,990.0
98,989900,989999,87,1149.4
99,999900,999999,100,1000.0
100,1009900,1009999,91,1098.9
101,1019900,1019999,87,1149.4
102,1029900,1029999,86,1162.7
103,1039900,1039999,89,1123.5
104,1049900,1049999,100,1000.0
105,1059900,1059999,100,1000.0
106,1069900,1069999,107,934.5
107,1079900,1079999,117,854.7
108,1089900,1089999,89,1123.5
109,1099900,1099999,78,1282.0
110,1109900,1109999,95,1052.6
111,1119900,1119999,102,980.3
112,1129900,1129999,85,1176.4
113,1139900,1139999,87,1149.4
114,1149900,1149999,100,1000.0
115,1159900,1159999,93,1075.2
116,1169900,1169999,89,1123.5
117,1179900,1179999,95,1052.6
118,1189900,1189999,81,1234.5
119,1199900,1199999,67,1492.5
120,1209900,1209999,111,900.9
121,1219900,1219999,101,990.0
122,1229900,1229999,104,961.5
123,1239900,1239999,100,1000.0
124,1249900,1249999,100,1000.0
125,1259900,1259999,61,1639.3
126,1269900,1269999,83,1204.8
127,1279900,1279999,84,1190.4
128,1289900,1289999,91,1098.9
129,1299900,1299999,72,1388.8
130,1309900,1309999,81,1234.5
131,1319900,1319999,71,1408.4
132,1329900,1329999,90,1111.1
133,1339900,1339999,69,1449.2
134,1349900,1349999,83,1204.8
135,1359900,1359999,124,806.4
136,1369900,1369999,73,1369.8
137,1379900,1379999,82,1219.5
138,1389900,1389999,106,943.3
139,1399900,1399999,91,1098.9
140,1409900,1409999,85,1176.4
141,1419900,1419999,66,1515.1
142,1429900,1429999,69,1449.2
143,1439900,1439999,93,1075.2
144,1449900,1449999,77,1298.7
145,1459900,1459999,74,1351.3
146,1469900,1469999,83,1204.8
147,1479900,1479999,84,1190.4
148,1489900,1489999,85,1176.4
149,1499900,1499999,88,1136.3
150,1509900,1509999,73,1369.8
151,1519900,1519999,85,1176.4
152,1529900,1529999,75,1333.3
153,1539900,1539999,89,1123.5
154,1549900,1549999,110,909.0
155,1559900,1559999,104,961.5
156,1569900,1569999,109,917.4
157,1579900,1579999,82,1219.5
158,1589900,1589999,102,980.3
159,1599900,1599999,107,934.5
160,1609900,1609999,93,1075.2
161,1619900,1619999,103,970.8
162,1629900,1629999,84,1190.4
163,1639900,1639999,108,925.9
164,1649900,1649999,94,1063.8
165,1659900,1659999,91,1098.9
166,1669900,1669999,93,1075.2
167,1679900,1679999,83,1204.8
168,1689900,1689999,87,1149.4
169,1699900,1699999,78,1282.0
170,1709900,1709999,96,1041.6
171,1719900,1719999,98,1020.4
172,1729900,1729999,102,980.3
173,1739900,1739999,102,980.3
174,1749900,1749999,74,1351.3
175,1759900,1759999,78,1282.0
176,1769900,1769999,77,1298.7
177,1779900,1779999,120,833.3
178,1789900,1789999,93,1075.2
179,1799900,1799999,85,1176.4
180,1809900,1809999,100,1000.0
181,1819900,1819999,98,1020.4
182,1829900,1829999,80,1250.0
183,1839900,1839999,96,1041.6
184,1849900,1849999,89,1123.5
185,1859900,1859999,72,1388.8
186,1869900,1869999,86,1162.7
187,1879900,1879999,61,1639.3
188,1889900,1889999,118,847.4
189,1899900,1899999,89,1123.5
190,1909900,1909999,88,1136.3
191,1919900,1919999,85,1176.4
192,1929900,1929999,107,934.5
193,1939900,1939999,73,1369.8
194,1949900,1949999,84,1190.4
195,1959900,1959999,132,757.5
196,1969900,1969999,82,1219.5
197,1979900,1979999,101,990.0
198,1989900,1989999,72,1388.8
199,1999900,1999999,97,1030.9
200,2009900,2009999,121,826.4
201,2019900,2019999,85,1176.4
202,2029900,2029999,112,892.8
203,2039900,2039999,93,1075.2
204,2049900,2049999,106,943.3
205,2059900,2059999,107,934.5
206,2069900,2069999,89,1123.5
207,2079900,2079999,120,833.3
208,2089900,2089999,82,1219.5
209,2099900,2099999,99,1010.1
210,2109900,2109999,107,934.5
211,2119900,2119999,109,917.4
212,2129900,2129999,115,869.5
213,2139900,2139999,77,1298.7
214,2149900,2149999,68,1470.5
215,2159900,2159999,106,943.3
216,2169900,2169999,96,1041.6
217,2179900,2179999,70,1428.5
218,2189900,2189999,93,1075.2
219,2199900,2199999,115,869.5
220,2209900,2209999,91,1098.9
221,2219900,2219999,90,1111.1
222,2229900,2229999,93,1075.2
223,2239900,2239999,57,1754.3
224,2249900,2249999,63,1587.3
225,2259900,2259999,94,1063.8
226,2269900,2269999,86,1162.7
227,2279900,2279999,102,980.3
228,2289900,2289999,94,1063.8
229,2299900,2299999,92,1086.9
230,2309900,2309999,3157,31.6
231,2319900,2319999,1224,81.6
232,2329900,2329999,1968,50.8
233,2339900,2339999,4541,22.0
234,2349900,2349999,106,943.3
235,2359900,2359999,1748,57.2
236,2369900,2369999,74,1351.3
237,2379900,2379999,110,909.0
238,2389900,2389999,77,1298.7
239,2399900,2399999,6857,14.5
240,2409900,2409999,3787,26.4
241,2419900,2419999,107,934.5
242,2429900,2429999,1193,83.8
243,2439900,2439999,685,145.9
244,2449900,2449999,387,258.3
245,2459900,2459999,376,265.9
246,2469900,2469999,355,281.6
247,2479900,2479999,84,1190.4
248,2489900,2489999,90,1111.1
249,2499900,2499999,62,1612.9
250,2509900,2509999,99,1010.1
251,2519900,2519999,99,1010.1
252,2529900,2529999,96,1041.6
253,2539900,2539999,74,1351.3
254,2549900,2549999,101,990.0
255,2559900,2559999,85,1176.4
256,2569900,2569999,83,1204.8
257,2579900,2579999,92,1086.9
258,2589900,2589999,94,1063.8
259,2599900,2599999,64,1562.5
260,2609900,2609999,93,1075.2
261,2619900,2619999,76,1315.7
262,2629900,2629999,76,1315.7
263,2639900,2639999,108,925.9
264,2649900,2649999,97,1030.9
265,2659900,2659999,71,1408.4
266,2669900,2669999,74,1351.3
267,2679900,2679999,162,617.2
268,2689900,2689999,90,1111.1
269,2699900,2699999,663,150.8
270,2709900,2709999,670,149.2
271,2719900,2719999,145,689.6
272,2729900,2729999,71,1408.4
273,2739900,2739999,117,854.7
274,2749900,2749999,79,1265.8
275,2759900,2759999,120,833.3
276,2769900,2769999,81,1234.5
277,2779900,2779999,86,1162.7
278,2789900,2789999,91,1098.9
279,2799900,2799999,77,1298.7
280,2809900,2809999,84,1190.4
281,2819900,2819999,69,1449.2
282,2829900,2829999,74,1351.3
283,2839900,2839999,77,1298.7
284,2849900,2849999,110,909.0
285,2859900,2859999,71,1408.4
286,2869900,2869999,75,1333.3
287,2879900,2879999,90,1111.1
288,2889900,2889999,72,1388.8
289,2899900,2899999,99,1010.1
290,2909900,2909999,68,1470.5
291,2919900,2919999,78,1282.0
292,2929900,2929999,123,813.0
293,2939900,2939999,114,877.1
294,2949900,2949999,77,1298.7
295,2959900,2959999,106,943.3
296,2969900,2969999,100,1000.0
297,2979900,2979999,101,990.0
298,2989900,2989999,83,1204.8
299,2999900,2999999,102,980.3
300,3009900,3009999,106,943.3
301,3019900,3019999,101,990.0
302,3029900,3029999,97,1030.9
303,3039900,3039999,73,1369.8
304,3049900,3049999,99,1010.1
305,3059900,3059999,78,1282.0
306,3069900,3069999,100,1000.0
307,3079900,3079999,106,943.3
308,3089900,3089999,107,934.5
309,3099900,3099999,75,1333.3
310,3109900,3109999,119,840.3
311,3119900,3119999,86,1162.7
312,3129900,3129999,107,934.5
313,3139900,3139999,74,1351.3
314,3149900,3149999,89,1123.5
315,3159900,3159999,111,900.9
316,3169900,3169999,100,1000.0
317,3179900,3179999,72,1388.8
318,3189900,3189999,76,1315.7
319,3199900,3199999,75,1333.3
320,3209900,3209999,82,1219.5
321,3219900,3219999,89,1123.5
322,3229900,3229999,89,1123.5
323,3239900,3239999,89,1123.5
324,3249900,3249999,86,1162.7
325,3259900,3259999,76,1315.7
326,3269900,3269999,79,1265.8
327,3279900,3279999,77,1298.7
328,3289900,3289999,88,1136.3
329,3299900,3299999,107,934.5
330,3309900,3309999,89,1123.5
331,3319900,3319999,98,1020.4
332,3329900,3329999,71,1408.4
333,3339900,3339999,94,1063.8
334,3349900,3349999,97,1030.9
335,3359900,3359999,107,934.5
336,3369900,3369999,106,943.3
337,3379900,3379999,90,1111.1
338,3389900,3389999,118,847.4
339,3399900,3399999,91,1098.9
340,3409900,3409999,75,1333.3
341,3419900,3419999,93,1075.2
342,3429900,3429999,92,1086.9
343,3439900,3439999,96,1041.6
344,3449900,3449999,97,1030.9
345,3459900,3459999,95,1052.6
346,3469900,3469999,97,1030.9
347,3479900,3479999,101,990.0
348,3489900,3489999,75,1333.3
349,3499900,3499999,104,961.5
350,3509900,3509999,93,1075.2
351,3519900,3519999,108,925.9
352,3529900,3529999,79,1265.8
353,3539900,3539999,112,892.8
354,3549900,3549999,103,970.8
355,3559900,3559999,101,990.0
356,3569900,3569999,83,1204.8
357,3579900,3579999,91,1098.9
358,3589900,3589999,83,1204.8
359,3599900,3599999,85,1176.4
360,3609900,3609999,98,1020.4
361,3619900,3619999,96,1041.6
362,3629900,3629999,108,925.9
363,3639900,3639999,78,1282.0
364,3649900,3649999,117,854.7
365,3659900,3659999,124,806.4
366,3669900,3669999,112,892.8
367,3679900,3679999,118,847.4
368,3689900,3689999,98,1020.4
369,3699900,3699999,100,1000.0
370,3709900,3709999,92,1086.9
371,3719900,3719999,113,884.9
372,3729900,3729999,120,833.3
373,3739900,3739999,107,934.5
374,3749900,3749999,112,892.8
375,3759900,3759999,134,746.2
376,3769900,3769999,121,826.4
377,3779900,3779999,128,781.2
378,3789900,3789999,117,854.7
379,3799900,3799999,137,729.9
380,3809900,3809999,166,602.4
381,3819900,3819999,150,666.6
382,3829900,3829999,152,657.8
383,3839900,3839999,113,884.9
384,3849900,3849999,98,1020.4
385,3859900,3859999,133,751.8
386,3869900,3869999,152,657.8
387,3879900,3879999,142,704.2
388,3889900,3889999,120,833.3
389,3899900,3899999,164,609.7
390,3909900,3909999,158,632.9
391,3919900,3919999,111,900.9
392,3929900,3929999,127,787.4
393,3939900,3939999,133,751.8
394,3949900,3949999,130,769.2
395,3959900,3959999,147,680.2
396,3969900,3969999,148,675.6
397,3979900,3979999,156,641.0
398,3989900,3989999,156,641.0
399,3999900,3999999,112,892.8
400,4009900,4009999,138,724.6
401,4019900,4019999,172,581.3
402,4029900,4029999,166,602.4
403,4039900,4039999,163,613.4
404,4049900,4049999,147,680.2
405,4059900,4059999,155,645.1
406,4069900,4069999,201,497.5
407,4079900,4079999,120,833.3
408,4089900,4089999,139,719.4
409,4099900,4099999,162,617.2
410,4109900,4109999,138,724.6
411,4119900,4119999,154,649.3
412,4129900,4129999,189,529.1
413,4139900,4139999,204,490.1
414,4149900,4149999,192,520.8
415,4159900,4159999,268,373.1
416,4169900,4169999,288,347.2
417,4179900,4179999,229,436.6
418,4189900,4189999,287,348.4
419,4199900,4199999,202,495.0
420,4209900,4209999,254,393.7
421,4219900,4219999,308,324.6
422,4229900,4229999,241,414.9
423,4239900,4239999,277,361.0
424,4249900,4249999,332,301.2
425,4259900,4259999,183,546.4
426,4269900,4269999,284,352.1
427,4279900,4279999,282,354.6
428,4289900,4289999,282,354.6
429,4299900,4299999,203,492.6
430,4309900,4309999,306,326.7
431,4319900,4319999,274,364.9
432,4329900,4329999,285,350.8
433,4339900,4339999,263,380.2
434,4349900,4349999,260,384.6
435,4359900,4359999,292,342.4
436,4369900,4369999,253,395.2
437,4379900,4379999,217,460.8
438,4389900,4389999,271,369.0
439,4399900,4399999,336,297.6
440,4409900,4409999,194,515.4
441,4419900,4419999,218,458.7
442,4429900,4429999,187,534.7
443,4439900,4439999,232,431.0
444,4449900,4449999,190,526.3
445,4459900,4459999,207,483.0
446,4469900,4469999,232,431.0
447,4479900,4479999,199,502.5
448,4489900,4489999,201,497.5
449,4499900,4499999,256,390.6
450,4509900,4509999,212,471.6
451,4519900,4519999,247,404.8
452,4529900,4529999,216,462.9
453,4539900,4539999,191,523.5
454,4549900,4549999,226,442.4
455,4559900,4559999,206,485.4
456,4569900,4569999,220,454.5
457,4579900,4579999,207,483.0
458,4589900,4589999,239,418.4
459,4599900,4599999,236,423.7
460,4609900,4609999,209,478.4
461,4619900,4619999,258,387.5
462,4629900,4629999,304,328.9
463,4639900,4639999,301,332.2
464,4649900,4649999,295,338.9
465,4659900,4659999,313,319.4
466,4669900,4669999,348,287.3
467,4679900,4679999,298,335.5
468,4689900,4689999,231,432.9
469,4699900,4699999,288,347.2
470,4709900,4709999,319,313.4
471,4719900,4719999,325,307.6
472,4729900,4729999,365,273.9
473,4739900,4739999,366,273.2
474,4749900,4749999,384,260.4
475,4759900,4759999,466,214.5
476,4769900,4769999,408,245.0
477,4779900,4779999,373,268.0
478,4789900,4789999,330,303.0
479,4799900,4799999,316,316.4
480,4809900,4809999,355,281.6
481,4819900,4819999,458,218.3
482,4829900,4829999,367,272.4
483,4839900,4839999,444,225.2
484,4849900,4849999,458,218.3
485,4859900,4859999,429,233.1
486,4869900,4869999,451,221.7
487,4879900,4879999,449,222.7
488,4889900,4889999,406,246.3
489,4899900,4899999,451,221.7
490,4909900,4909999,453,220.7
491,4919900,4919999,465,215.0
492,4929900,4929999,447,223.7
493,4939900,4939999,391,255.7
494,4949900,4949999,321,311.5
495,4959900,4959999,373,268.0
496,4969900,4969999,338,295.8
497,4979900,4979999,365,273.9
498,4989900,4989999,350,285.7
499,4999900,4999999,385,259.7
500,5009900,5009999,426,234.7
501,5019900,5019999,316,316.4
502,5029900,5029999,318,314.4
503,5039900,5039999,427,234.1
504,5049900,5049999,306,326.7
505,5059900,5059999,397,251.8
506,5069900,5069999,361,277.0
507,5079900,5079999,314,318.4
508,5089900,5089999,357,280.1
509,5099900,5099999,337,296.7
510,5109900,5109999,357,280.1
511,5119900,5119999,399,250.6
512,5129900,5129999,342,292.3
513,5139900,5139999,315,317.4
514,5149900,5149999,299,334.4
515,5159900,5159999,408,245.0
516,5169900,5169999,418,239.2
517,5179900,5179999,427,234.1
518,5189900,5189999,315,317.4
519,5199900,5199999,369,271.0
520,5209900,5209999,334,299.4
521,5219900,5219999,339,294.9
522,5229900,5229999,334,299.4
523,5239900,5239999,316,316.4
524,5249900,5249999,304,328.9
525,5259900,5259999,362,276.2
526,5269900,5269999,321,311.5
527,5279900,5279999,251,398.4
528,5289900,5289999,445,224.7
529,5299900,5299999,328,304.8
530,5309900,5309999,335,298.5
531,5319900,5319999,314,318.4
532,5329900,5329999,309,323.6
533,5339900,5339999,282,354.6
534,5349900,5349999,328,304.8
535,5359900,5359999,320,312.5
536,5369900,5369999,257,389.1
537,5379900,5379999,376,265.9
538,5389900,5389999,366,273.2
539,5399900,5399999,312,320.5
540,5409900,5409999,349,286.5
541,5419900,5419999,413,242.1
542,5429900,5429999,319,313.4
543,5439900,5439999,370,270.2
544,5449900,5449999,351,284.9
545,5459900,5459999,345,289.8
546,5469900,5469999,372,268.8
547,5479900,5479999,420,238.0
548,5489900,5489999,398,251.2
549,5499900,5499999,370,270.2
550,5509900,5509999,383,261.0
551,5519900,5519999,347,288.1
552,5529900,5529999,385,259.7
553,5539900,5539999,338,295.8
554,5549900,5549999,461,216.9
555,5559900,5559999,369,271.0
556,5569900,5569999,424,235.8
557,5579900,5579999,349,286.5
558,5589900,5589999,458,218.3
559,5599900,5599999,391,255.7
560,5609900,5609999,396,252.5
561,5619900,5619999,354,282.4
562,5629900,5629999,391,255.7
563,5639900,5639999,421,237.5
564,5649900,5649999,419,238.6
565,5659900,5659999,385,259.7
566,5669900,5669999,395,253.1
567,5679900,5679999,405,246.9
568,5689900,5689999,445,224.7
569,5699900,5699999,394,253.8
570,5709900,5709999,410,243.9
571,5719900,5719999,469,213.2
572,5729900,5729999,416,240.3
573,5739900,5739999,401,249.3
574,5749900,5749999,330,303.0
575,5759900,5759999,358,279.3
576,5769900,5769999,425,235.2
577,5779900,5779999,375,266.6
578,5789900,5789999,313,319.4
579,5799900,5799999,548,182.4
580,5809900,5809999,415,240.9
581,5819900,5819999,385,259.7
582,5829900,5829999,369,271.0
583,5839900,5839999,360,277.7
584,5849900,5849999,369,271.0
585,5859900,5859999,386,259.0
586,5869900,5869999,390,256.4
587,5879900,5879999,305,327.8
588,5889900,5889999,262,381.6
589,5899900,5899999,274,364.9
590,5909900,5909999,279,358.4
591,5919900,5919999,251,398.4
592,5929900,5929999,318,314.4
593,5939900,5939999,327,305.8
594,5949900,5949999,320,312.5
595,5959900,5959999,242,413.2
596,5969900,5969999,375,266.6
597,5979900,5979999,415,240.9
598,5989900,5989999,421,237.5
599,5999900,5999999,420,238.0
600,6009900,6009999,405,246.9
601,6019900,6019999,380,263.1
602,6029900,6029999,307,325.7
603,6039900,6039999,465,215.0
604,6049900,6049999,439,227.7
605,6059900,6059999,359,278.5
606,6069900,6069999,357,280.1
607,6079900,6079999,382,261.7
608,6089900,6089999,347,288.1
609,6099900,6099999,431,232.0
610,6109900,6109999,435,229.8
611,6119900,6119999,437,228.8
612,6129900,6129999,383,261.0
613,6139900,6139999,412,242.7
614,6149900,6149999,389,257.0
615,6159900,6159999,355,281.6
616,6169900,6169999,345,289.8
617,6179900,6179999,393,254.4
618,6189900,6189999,369,271.0
619,6199900,6199999,432,231.4
620,6209900,6209999,429,233.1
621,6219900,6219999,339,294.9
622,6229900,6229999,400,250.0
623,6239900,6239999,385,259.7
624,6249900,6249999,316,316.4
625,6259900,6259999,319,313.4
626,6269900,6269999,346,289.0
627,6279900,6279999,408,245.0
628,6289900,6289999,306,326.7
629,6299900,6299999,351,284.9
630,6309900,6309999,397,251.8
631,6319900,6319999,348,287.3
632,6329900,6329999,374,267.3
633,6339900,6339999,370,270.2
634,6349900,6349999,390,256.4
635,6359900,6359999,301,332.2
636,6369900,6369999,353,283.2
637,6379900,6379999,295,338.9
638,6389900,6389999,375,266.6
639,6399900,6399999,276,362.3
640,6409900,6409999,334,299.4
641,6419900,6419999,367,272.4
642,6429900,6429999,362,276.2
643,6439900,6439999,324,308.6
644,6449900,6449999,328,304.8
645,6459900,6459999,332,301.2
646,6469900,6469999,299,334.4
647,6479900,6479999,327,305.8
648,6489900,6489999,308,324.6
649,6499900,6499999,408,245.0
650,6509900,6509999,312,320.5
651,6519900,6519999,367,272.4
652,6529900,6529999,351,284.9
653,6539900,6539999,397,251.8
654,6549900,6549999,374,267.3
655,6559900,6559999,332,301.2
656,6569900,6569999,340,294.1
657,6579900,6579999,366,273.2
658,6589900,6589999,321,311.5
659,6599900,6599999,366,273.2
660,6609900,6609999,388,257.7
661,6619900,6619999,321,311.5
662,6629900,6629999,347,288.1
663,6639900,6639999,332,301.2
664,6649900,6649999,358,279.3
665,6659900,6659999,364,274.7
666,6669900,6669999,344,290.6
667,6679900,6679999,374,267.3
668,6689900,6689999,335,298.5
669,6699900,6699999,361,277.0
670,6709900,6709999,374,267.3
671,6719900,6719999,342,292.3
672,6729900,6729999,366,273.2
673,6739900,6739999,369,271.0
674,6749900,6749999,375,266.6
675,6759900,6759999,311,321.5
676,6769900,6769999,358,279.3
677,6779900,6779999,395,253.1
678,6789900,6789999,370,270.2
679,6799900,6799999,377,265.2
680,6809900,6809999,419,238.6
681,6819900,6819999,336,297.6
682,6829900,6829999,398,251.2
683,6839900,6839999,404,247.5
684,6849900,6849999,377,265.2
685,6859900,6859999,374,267.3
686,6869900,6869999,342,292.3
687,6879900,6879999,340,294.1
688,6889900,6889999,410,243.9
689,6899900,6899999,308,324.6
690,6909900,6909999,388,257.7
691,6919900,6919999,439,227.7
692,6929900,6929999,369,271.0
693,6939900,6939999,386,259.0
694,6949900,6949999,360,277.7
695,6959900,6959999,385,259.7
696,6969900,6969999,338,295.8
697,6979900,6979999,406,246.3
698,6989900,6989999,305,327.8
699,6999900,6999999,382,261.7
700,7009900,7009999,444,225.2
701,7019900,7019999,373,268.0
702,7029900,7029999,392,255.1
703,7039900,7039999,392,255.1
704,7049900,7049999,325,307.6
705,7059900,7059999,393,254.4
706,7069900,7069999,382,261.7
707,7079900,7079999,387,258.3
708,7089900,7089999,316,316.4
709,7099900,7099999,323,309.5
710,7109900,7109999,388,257.7
711,7119900,7119999,339,294.9
712,7129900,7129999,425,235.2
713,7139900,7139999,428,233.6
714,7149900,7149999,399,250.6
715,7159900,7159999,339,294.9
716,7169900,7169999,313,319.4
717,7179900,7179999,314,318.4
718,7189900,7189999,298,335.5
719,7199900,7199999,253,395.2
720,7209900,7209999,345,289.8
721,7219900,7219999,356,280.8
722,7229900,7229999,408,245.0
723,7239900,7239999,453,220.7
724,7249900,7249999,395,253.1
725,7259900,7259999,442,226.2
726,7269900,7269999,426,234.7
727,7279900,7279999,371,269.5
728,7289900,7289999,354,282.4
729,7299900,7299999,385,259.7
730,7309900,7309999,425,235.2
731,7319900,7319999,363,275.4
732,7329900,7329999,356,280.8
733,7339900,7339999,334,299.4
734,7349900,7349999,351,284.9
735,7359900,7359999,375,266.6
736,7369900,7369999,358,279.3
737,7379900,7379999,297,336.7
738,7389900,7389999,344,290.6
739,7399900,7399999,393,254.4
740,7409900,7409999,382,261.7
741,7419900,7419999,343,291.5
742,7429900,7429999,326,306.7
743,7439900,7439999,337,296.7
744,7449900,7449999,387,258.3
745,7459900,7459999,335,298.5
746,7469900,7469999,438,228.3
747,7479900,7479999,408,245.0
748,7489900,7489999,429,233.1
749,7499900,7499999,393,254.4
750,7509900,7509999,327,305.8
751,7519900,7519999,401,249.3
752,7529900,7529999,291,343.6
753,7539900,7539999,368,271.7
754,7549900,7549999,390,256.4
755,7559900,7559999,378,264.5
756,7569900,7569999,351,284.9
757,7579900,7579999,344,290.6
758,7589900,7589999,389,257.0
759,7599900,7599999,312,320.5
760,7609900,7609999,445,224.7
761,7619900,7619999,352,284.0
762,7629900,7629999,546,183.1
763,7639900,7639999,498,200.8
764,7649900,7649999,391,255.7
765,7659900,7659999,368,271.7
766,7669900,7669999,386,259.0
767,7679900,7679999,385,259.7
768,7689900,7689999,310,322.5
769,7699900,7699999,350,285.7
770,7709900,7709999,327,305.8
771,7719900,7719999,451,221.7
772,7729900,7729999,403,248.1
773,7739900,7739999,440,227.2
774,7749900,7749999,398,251.2
775,7759900,7759999,455,219.7
776,7769900,7769999,477,209.6
777,7779900,7779999,368,271.7
778,7789900,7789999,442,226.2
779,7799900,7799999,424,235.8
780,7809900,7809999,447,223.7
781,7819900,7819999,407,245.7
782,7829900,7829999,438,228.3
783,7839900,7839999,460,217.3
784,7849900,7849999,388,257.7
785,7859900,7859999,421,237.5
786,7869900,7869999,445,224.7
787,7879900,7879999,446,224.2
788,7889900,7889999,448,223.2
789,7899900,7899999,462,216.4
790,7909900,7909999,414,241.5
791,7919900,7919999,409,244.4
792,7929900,7929999,497,201.2
793,7939900,7939999,376,265.9
794,7949900,7949999,454,220.2
795,7959900,7959999,437,228.8
796,7969900,7969999,459,217.8
797,7979900,7979999,412,242.7
798,7989900,7989999,451,221.7
799,7999900,7999999,455,219.7
800,8009900,8009999,368,271.7
801,8019900,8019999,425,235.2
802,8029900,8029999,399,250.6
803,8039900,8039999,446,224.2
804,8049900,8049999,435,229.8
805,8059900,8059999,559,178.8
806,8069900,8069999,527,189.7
807,8079900,8079999,351,284.9
808,8089900,8089999,479,208.7
809,8099900,8099999,347,288.1
810,8109900,8109999,456,219.2
811,8119900,8119999,339,294.9
812,8129900,8129999,428,233.6
813,8139900,8139999,430,232.5
814,8149900,8149999,504,198.4
815,8159900,8159999,414,241.5
816,8169900,8169999,509,196.4
817,8179900,8179999,527,189.7
818,8189900,8189999,269,371.7
819,8199900,8199999,437,228.8
820,8209900,8209999,307,325.7
821,8219900,8219999,480,208.3
822,8229900,8229999,411,243.3
823,8239900,8239999,466,214.5
824,8249900,8249999,446,224.2
825,8259900,8259999,417,239.8
826,8269900,8269999,481,207.9
827,8279900,8279999,287,348.4
828,8289900,8289999,506,197.6
829,8299900,8299999,421,237.5
830,8309900,8309999,456,219.2
831,8319900,8319999,395,253.1
832,8329900,8329999,415,240.9
833,8339900,8339999,462,216.4
834,8349900,8349999,493,202.8
835,8359900,8359999,538,185.8
836,8369900,8369999,367,272.4
837,8379900,8379999,488,204.9
838,8389900,8389999,345,289.8
839,8399900,8399999,498,200.8
840,8409900,8409999,457,218.8
841,8419900,8419999,441,226.7
842,8429900,8429999,487,205.3
843,8439900,8439999,405,246.9
844,8449900,8449999,508,196.8
845,8459900,8459999,359,278.5
846,8469900,8469999,549,182.1
847,8479900,8479999,368,271.7
848,8489900,8489999,474,210.9
849,8499900,8499999,423,236.4
850,8509900,8509999,460,217.3
851,8519900,8519999,413,242.1
852,8529900,8529999,374,267.3
853,8539900,8539999,452,221.2
854,8549900,8549999,352,284.0
855,8559900,8559999,470,212.7
856,8569900,8569999,408,245.0
857,8579900,8579999,478,209.2
858,8589900,8589999,539,185.5
859,8599900,8599999,448,223.2
860,8609900,8609999,479,208.7
861,8619900,8619999,370,270.2
862,8629900,8629999,470,212.7
863,8639900,8639999,398,251.2
864,8649900,8649999,524,190.8
865,8659900,8659999,485,206.1
866,8669900,8669999,498,200.8
867,8679900,8679999,434,230.4
868,8689900,8689999,415,240.9
869,8699900,8699999,538,185.8
870,8709900,8709999,335,298.5
871,8719900,8719999,527,189.7
872,8729900,8729999,341,293.2
873,8739900,8739999,536,186.5
874,8749900,8749999,445,224.7
875,8759900,8759999,448,223.2
876,8769900,8769999,537,186.2
877,8779900,8779999,440,227.2
878,8789900,8789999,595,168.0
879,8799900,8799999,492,203.2
880,8809900,8809999,470,212.7
881,8819900,8819999,421,237.5
882,8829900,8829999,410,243.9
883,8839900,8839999,588,170.0
884,8849900,8849999,461,216.9
885,8859900,8859999,383,261.0
886,8869900,8869999,505,198.0
887,8879900,8879999,303,330.0
888,8889900,8889999,534,187.2
889,8899900,8899999,466,214.5
890,8909900,8909999,444,225.2
891,8919900,8919999,576,173.6
892,8929900,8929999,565,176.9
893,8939900,8939999,404,247.5
894,8949900,8949999,611,163.6
895,8959900,8959999,601,166.3
896,8969900,8969999,501,199.6
897,8979900,8979999,619,161.5
898,8989900,8989999,527,189.7
899,8999900,8999999,474,210.9
900,9009900,9009999,583,171.5
901,9019900,9019999,544,183.8
902,9029900,9029999,524,190.8
903,9039900,9039999,471,212.3
904,9049900,9049999,578,173.0
905,9059900,9059999,468,213.6
906,9069900,9069999,408,245.0
907,9079900,9079999,436,229.3
908,9089900,9089999,415,240.9
909,9099900,9099999,507,197.2
910,9109900,9109999,546,183.1
911,9119900,9119999,522,191.5
912,9129900,9129999,575,173.9
913,9139900,9139999,530,188.6
914,9149900,9149999,626,159.7
915,9159900,9159999,588,170.0
916,9169900,9169999,567,176.3
917,9179900,9179999,536,186.5
918,9189900,9189999,537,186.2
919,9199900,9199999,513,194.9
920,9209900,9209999,357,280.1
921,9219900,9219999,415,240.9
922,9229900,9229999,448,223.2
923,9239900,9239999,526,190.1
924,9249900,9249999,448,223.2
925,9259900,9259999,437,228.8
926,9269900,9269999,506,197.6
927,9279900,9279999,608,164.4
928,9289900,9289999,585,170.9
929,9299900,9299999,586,170.6
930,9309900,9309999,467,214.1
931,9319900,9319999,441,226.7
932,9329900,9329999,478,209.2
933,9339900,9339999,400,250.0
934,9349900,9349999,377,265.2
935,9359900,9359999,415,240.9
936,9369900,9369999,446,224.2
937,9379900,9379999,404,247.5
938,9389900,9389999,548,182.4
939,9399900,9399999,446,224.2
940,9409900,9409999,537,186.2
941,9419900,9419999,576,173.6
942,9429900,9429999,642,155.7
943,9439900,9439999,567,176.3
944,9449900,9449999,546,183.1
945,9459900,9459999,495,202.0
946,9469900,9469999,563,177.6
947,9479900,9479999,554,180.5
948,9489900,9489999,398,251.2
949,9499900,9499999,599,166.9
950,9509900,9509999,479,208.7
951,9519900,9519999,599,166.9
952,9529900,9529999,474,210.9
953,9539900,9539999,518,193.0
954,9549900,9549999,562,177.9
955,9559900,9559999,697,143.4
956,9569900,9569999,580,172.4
957,9579900,9579999,460,217.3
958,9589900,9589999,508,196.8
959,9599900,9599999,461,216.9
960,9609900,9609999,581,172.1
961,9619900,9619999,434,230.4
962,9629900,9629999,512,195.3
963,9639900,9639999,601,166.3
964,9649900,9649999,619,161.5
965,9659900,9659999,702,142.4
966,9669900,9669999,685,145.9
967,9679900,9679999,601,166.3
968,9689900,9689999,668,149.7
969,9699900,9699999,554,180.5
970,9709900,9709999,561,178.2
971,9719900,9719999,558,179.2
972,9729900,9729999,450,222.2
973,9739900,9739999,704,142.0
974,9749900,9749999,571,175.1
975,9759900,9759999,491,203.6
976,9769900,9769999,482,207.4
977,9779900,9779999,622,160.7
978,9789900,9789999,609,164.2
979,9799900,9799999,584,171.2
980,9809900,9809999,513,194.9
981,9819900,9819999,633,157.9
982,9829900,9829999,601,166.3
983,9839900,9839999,484,206.6
984,9849900,9849999,587,170.3
985,9859900,9859999,522,191.5
986,9869900,9869999,593,168.6
987,9879900,9879999,556,179.8
988,9889900,9889999,662,151.0
989,9899900,9899999,627,159.4
990,9909900,9909999,604,165.5
991,9919900,9919999,537,186.2
992,9929900,9929999,719,139.0
993,9939900,9939999,574,174.2
994,9949900,9949999,594,168.3
995,9959900,9959999,569,175.7
996,9969900,9969999,633,157.9
997,9979900,9979999,596,167.7
998,9989900,9989999,511,195.6
999,9999900,9999999,630,158.7
1000,10009900,10009999,607,164.7
1001,10019900,10019999,634,157.7
1002,10029900,10029999,673,148.5
1003,10039900,10039999,650,153.8
1004,10049900,10049999,590,169.4
1005,10059900,10059999,591,169.2
1006,10069900,10069999,553,180.8
1007,10079900,10079999,575,173.9
1008,10089900,10089999,628,159.2
1009,10099900,10099999,581,172.1
1010,10109900,10109999,656,152.4
1011,10119900,10119999,630,158.7
1012,10129900,10129999,535,186.9
1013,10139900,10139999,616,162.3
1014,10149900,10149999,772,129.5
1015,10159900,10159999,661,151.2
1016,10169900,10169999,660,151.5
1017,10179900,10179999,644,155.2
1018,10189900,10189999,620,161.2
1019,10199900,10199999,617,162.0
1020,10209900,10209999,645,155.0
1021,10219900,10219999,576,173.6
1022,10229900,10229999,596,167.7
1023,10239900,10239999,717,139.4
1024,10249900,10249999,649,154.0
1025,10259900,10259999,615,162.6
1026,10269900,10269999,665,150.3
1027,10279900,10279999,600,166.6
1028,10289900,10289999,705,141.8
1029,10299900,10299999,842,118.7
1030,10309900,10309999,832,120.1
1031,10319900,10319999,768,130.2
1032,10329900,10329999,821,121.8
1033,10339900,10339999,745,134.2
1034,10349900,10349999,816,122.5
1035,10359900,10359999,735,136.0
1036,10369900,10369999,764,130.8
1037,10379900,10379999,756,132.2
1038,10389900,10389999,702,142.4
1039,10399900,10399999,792,126.2
1040,10409900,10409999,788,126.9
1041,10419900,10419999,888,112.6
1042,10429900,10429999,737,135.6
1043,10439900,10439999,819,122.1
1044,10449900,10449999,765,130.7
1045,10459900,10459999,798,125.3
1046,10469900,10469999,791,126.4
1047,10479900,10479999,746,134.0
1048,10489900,10489999,800,125.0
1049,10499900,10499999,804,124.3
1050,10509900,10509999,826,121.0
1051,10519900,10519999,802,124.6
1052,10529900,10529999,928,107.7
1053,10539900,10539999,952,105.0
1054,10549900,10549999,854,117.0
1055,10559900,10559999,870,114.9
1056,10569900,10569999,889,112.4
1057,10579900,10579999,863,115.8
1058,10589900,10589999,868,115.2
1059,10599900,10599999,932,107.2
1060,10609900,10609999,882,113.3
1061,10619900,10619999,907,110.2
1062,10629900,10629999,950,105.2
1063,10639900,10639999,986,101.4
1064,10649900,10649999,856,116.8
1065,10659900,10659999,936,106.8
1066,10669900,10669999,914,109.4
1067,10679900,10679999,912,109.6
1068,10689900,10689999,846,118.2
1069,10699900,10699999,844,118.4
1070,10709900,10709999,915,109.2
1071,10719900,10719999,974,102.6
1072,10729900,10729999,1036,96.5
1073,10739900,10739999,990,101.0
1074,10749900,10749999,993,100.7
1075,10759900,10759999,912,109.6
1076,10769900,10769999,939,106.4
1077,10779900,10779999,934,107.0
1078,10789900,10789999,846,118.2
1079,10799900,10799999,914,109.4
1080,10809900,10809999,918,108.9
1081,10819900,10819999,991,100.9
1082,10829900,10829999,897,111.4
1083,10839900,10839999,916,109.1
1084,10849900,10849999,1054,94.8
1085,10859900,10859999,1010,99.0
1086,10869900,10869999,1010,99.0
1087,10879900,10879999,865,115.6
1088,10889900,10889999,1027,97.3
1089,10899900,10899999,1011,98.9
1090,10909900,10909999,969,103.1
1091,10919900,10919999,951,105.1
1092,10929900,10929999,944,105.9
1093,10939900,10939999,963,103.8
1094,10949900,10949999,865,115.6
1095,10959900,10959999,829,120.6
1096,10969900,10969999,981,101.9
1097,10979900,10979999,1035,96.6
1098,10989900,10989999,944,105.9
1099,10999900,10999999,943,106.0
1100,11009900,11009999,950,105.2
1101,11019900,11019999,956,104.6
1102,11029900,11029999,910,109.8
1103,11039900,11039999,950,105.2
1104,11049900,11049999,919,108.8
1105,11059900,11059999,984,101.6
1106,11069900,11069999,937,106.7
1107,11079900,11079999,982,101.8
1108,11089900,11089999,1045,95.6
1109,11099900,11099999,1029,97.1
1110,11109900,11109999,1025,97.5
1111,11119900,11119999,1018,98.2
1112,11129900,11129999,1021,97.9
1113,11139900,11139999,1074,93.1
1114,11149900,11149999,933,107.1
1115,11159900,11159999,994,100.6
1116,11169900,11169999,925,108.1
1117,11179900,11179999,921,108.5
1118,11189900,11189999,932,107.2
1119,11199900,11199999,940,106.3
1120,11209900,11209999,1045,95.6
1121,11219900,11219999,924,108.2
1122,11229900,11229999,1093,91.4
1123,11239900,11239999,902,110.8
1124,11249900,11249999,982,101.8
1125,11259900,11259999,886,112.8
1126,11269900,11269999,1045,95.6
1127,11279900,11279999,1091,91.6
1128,11289900,11289999,1013,98.7
1129,11299900,11299999,944,105.9
1130,11309900,11309999,1001,99.9
1131,11319900,11319999,1046,95.6
1132,11329900,11329999,1060,94.3
1133,11339900,11339999,932,107.2
1134,11349900,11349999,921,108.5
1135,11359900,11359999,1023,97.7
1136,11369900,11369999,971,102.9
1137,11379900,11379999,1004,99.6
1138,11389900,11389999,1024,97.6
1139,11399900,11399999,1036,96.5
1140,11409900,11409999,983,101.7
1141,11419900,11419999,1015,98.5
1142,11429900,11429999,995,100.5
1143,11439900,11439999,1025,97.5
1144,11449900,11449999,987,101.3
1145,11459900,11459999,979,102.1
1146,11469900,11469999,914,109.4
1147,11479900,11479999,1050,95.2
1148,11489900,11489999,1028,97.2
1149,11499900,11499999,931,107.4
1150,11509900,11509999,945,105.8
1151,11519900,11519999,811,123.3
1152,11529900,11529999,995,100.5
1153,11539900,11539999,1050,95.2
1154,11549900,11549999,983,101.7
1155,11559900,11559999,972,102.8
1156,11569900,11569999,906,110.3
1157,11579900,11579999,1082,92.4
1158,11589900,11589999,1065,93.8
1159,11599900,11599999,1054,94.8
1160,11609900,11609999,1069,93.5
1161,11619900,11619999,980,102.0
1162,11629900,11629999,980,102.0
1163,11639900,11639999,891,112.2
1164,11649900,11649999,975,102.5
1165,11659900,11659999,1080,92.5
1166,11669900,11669999,1027,97.3
1167,11679900,11679999,1014,98.6
1168,11689900,11689999,1068,93.6
1169,11699900,11699999,993,100.7
1170,11709900,11709999,967,103.4
1171,11719900,11719999,1007,99.3
1172,11729900,11729999,1003,99.7
1173,11739900,11739999,1028,97.2
1174,11749900,11749999,999,100.1
1175,11759900,11759999,981,101.9
1176,11769900,11769999,843,118.6
1177,11779900,11779999,957,104.4
1178,11789900,11789999,886,112.8
1179,11799900,11799999,949,105.3
1180,11809900,11809999,1003,99.7
1181,11819900,11819999,1143,87.4
1182,11829900,11829999,990,101.0
1183,11839900,11839999,1027,97.3
1184,11849900,11849999,1051,95.1
1185,11859900,11859999,1034,96.7
1186,11869900,11869999,937,106.7
1187,11879900,11879999,996,100.4
1188,11889900,11889999,1004,99.6
1189,11899900,11899999,1070,93.4
1190,11909900,11909999,996,100.4
1191,11919900,11919999,974,102.6
1192,11929900,11929999,1032,96.8
1193,11939900,11939999,926,107.9
1194,11949900,11949999,1103,90.6
1195,11959900,11959999,919,108.8
1196,11969900,11969999,940,106.3
1197,11979900,11979999,929,107.6
1198,11989900,11989999,992,100.8
1199,11999900,11999999,899,111.2
1200,12009900,12009999,1066,93.8
1201,12019900,12019999,786,127.2
1202,12029900,12029999,1034,96.7
1203,12039900,12039999,1033,96.8
1204,12049900,12049999,996,100.4
1205,12059900,12059999,942,106.1
1206,12069900,12069999,1058,94.5
1207,12079900,12079999,950,105.2
1208,12089900,12089999,1040,96.1
1209,12099900,12099999,1082,92.4
1210,12109900,12109999,1003,99.7
1211,12119900,12119999,970,103.0
1212,12129900,12129999,1031,96.9
1213,12139900,12139999,1039,96.2
1214,12149900,12149999,990,101.0
1215,12159900,12159999,1093,91.4
1216,12169900,12169999,972,102.8
1217,12179900,12179999,968,103.3
1218,12189900,12189999,1033,96.8
1219,12199900,12199999,1057,94.6
1220,12209900,12209999,1059,94.4
1221,12219900,12219999,1089,91.8
1222,12229900,12229999,1040,96.1
1223,12239900,12239999,1034,96.7
1224,12249900,12249999,1002,99.8
1225,12259900,12259999,984,101.6
1226,12269900,12269999,1038,96.3
1227,12279900,12279999,970,103.0
1228,12289900,12289999,1146,87.2
1229,12299900,12299999,1105,90.4
1230,12309900,12309999,1267,78.9
1231,12319900,12319999,1274,78.4
1232,12329900,12329999,1189,84.1
1233,12339900,12339999,1156,86.5
1234,12349900,12349999,1311,76.2
1235,12359900,12359999,1188,84.1
1236,12369900,12369999,1174,85.1
1237,12379900,12379999,1246,80.2
1238,12389900,12389999,1204,83.0
1239,12399900,12399999,1170,85.4
1240,12409900,12409999,949,105.3
1241,12419900,12419999,1069,93.5
1242,12429900,12429999,1133,88.2
1243,12439900,12439999,1168,85.6
1244,12449900,12449999,1232,81.1
1245,12459900,12459999,1261,79.3
1246,12469900,12469999,1319,75.8
1247,12479900,12479999,1169,85.5
1248,12489900,12489999,1310,76.3
1249,12499900,12499999,1066,93.8
1250,12509900,12509999,1262,79.2
1251,12519900,12519999,1059,94.4
1252,12529900,12529999,1134,88.1
1253,12539900,12539999,1154,86.6
1254,12549900,12549999,1044,95.7
1255,12559900,12559999,1198,83.4
1256,12569900,12569999,1060,94.3
1257,12579900,12579999,1127,88.7
1258,12589900,12589999,1240,80.6
1259,12599900,12599999,1191,83.9
1260,12609900,12609999,1093,91.4
1261,12619900,12619999,1189,84.1
1262,12629900,12629999,1132,88.3
1263,12639900,12639999,1162,86.0
1264,12649900,12649999,1138,87.8
1265,12659900,12659999,1275,78.4
1266,12669900,12669999,1079,92.6
1267,12679900,12679999,1346,74.2
1268,12689900,12689999,1174,85.1
1269,12699900,12699999,1021,97.9
1270,12709900,12709999,1237,80.8
1271,12719900,12719999,1207,82.8
1272,12729900,12729999,1201,83.2
1273,12739900,12739999,1206,82.9
1274,12749900,12749999,1239,80.7
1275,12759900,12759999,1300,76.9
1276,12769900,12769999,789,126.7
1277,12779900,12779999,1149,87.0
1278,12789900,12789999,1202,83.1
1279,12799900,12799999,1209,82.7
1280,12809900,12809999,1229,81.3
1281,12819900,12819999,1201,83.2
1282,12829900,12829999,1228,81.4
1283,12839900,12839999,1112,89.9
1284,12849900,12849999,1215,82.3
1285,12859900,12859999,1160,86.2
1286,12869900,12869999,1202,83.1
1287,12879900,12879999,1202,83.1
1288,12889900,12889999,992,100.8
1289,12899900,12899999,1427,70.0
1290,12909900,12909999,1259,79.4
1291,12919900,12919999,1141,87.6
1292,12929900,12929999,1287,77.7
1293,12939900,12939999,1246,80.2
1294,12949900,12949999,1113,89.8
1295,12959900,12959999,1243,80.4
1296,12969900,12969999,1343,74.4
1297,12979900,12979999,1285,77.8
1298,12989900,12989999,1393,71.7
1299,12999900,12999999,1312,76.2
1300,13009900,13009999,1339,74.6
1301,13019900,13019999,1358,73.6
1302,13029900,13029999,1290,77.5
1303,13039900,13039999,1351,74.0
1304,13049900,13049999,1415,70.6
1305,13059900,13059999,1257,79.5
1306,13069900,13069999,1249,80.0
1307,13079900,13079999,1327,75.3
1308,13089900,13089999,908,110.1
1309,13099900,13099999,1343,74.4
1310,13109900,13109999,1365,73.2
1311,13119900,13119999,1349,74.1
1312,13129900,13129999,1242,80.5
1313,13139900,13139999,1341,74.5
1314,13149900,13149999,1179,84.8
1315,13159900,13159999,1150,86.9
1316,13169900,13169999,1117,89.5
1317,13179900,13179999,1188,84.1
1318,13189900,13189999,1255,79.6
1319,13199900,13199999,1192,83.8
1320,13209900,13209999,1276,78.3
1321,13219900,13219999,1162,86.0
1322,13229900,13229999,1364,73.3
1323,13239900,13239999,1277,78.3
1324,13249900,13249999,1354,73.8
1325,13259900,13259999,1298,77.0
1326,13269900,13269999,1022,97.8
1327,13279900,13279999,1252,79.8
1328,13289900,13289999,1097,91.1
1329,13299900,13299999,1273,78.5
1330,13309900,13309999,1165,85.8
1331,13319900,13319999,1332,75.0
1332,13329900,13329999,955,104.7
1333,13339900,13339999,1277,78.3
1334,13349900,13349999,1196,83.6
1335,13359900,13359999,1337,74.7
1336,13369900,13369999,828,120.7
1337,13379900,13379999,825,121.2
1338,13389900,13389999,1306,76.5
1339,13399900,13399999,1293,77.3
1340,13409900,13409999,1306,76.5
1341,13419900,13419999,1208,82.7
1342,13429900,13429999,1133,88.2
1343,13439900,13439999,1308,76.4
1344,13449900,13449999,1261,79.3
1345,13459900,13459999,1292,77.3
1346,13469900,13469999,1172,85.3
1347,13479900,13479999,1408,71.0
1348,13489900,13489999,1280,78.1
1349,13499900,13499999,1322,75.6
1350,13509900,13509999,1276,78.3
1351,13519900,13519999,1282,78.0
1352,13529900,13529999,1314,76.1
1353,13539900,13539999,1234,81.0
1354,13549900,13549999,1354,73.8
1355,13559900,13559999,1196,83.6
1356,13569900,13569999,1314,76.1
1357,13579900,13579999,1202,83.1
1358,13589900,13589999,1238,80.7
1359,13599900,13599999,1199,83.4
1360,13609900,13609999,1274,78.4
1361,13619900,13619999,1310,76.3
1362,13629900,13629999,1217,82.1
1363,13639900,13639999,1224,81.6
1364,13649900,13649999,1208,82.7
1365,13659900,13659999,1146,87.2
1366,13669900,13669999,1236,80.9
1367,13679900,13679999,1107,90.3
1368,13689900,13689999,1303,76.7
1369,13699900,13699999,1202,83.1
1370,13709900,13709999,1240,80.6
1371,13719900,13719999,1173,85.2
1372,13729900,13729999,1193,83.8
1373,13739900,13739999,1319,75.8
1374,13749900,13749999,1215,82.3
1375,13759900,13759999,1231,81.2
1376,13769900,13769999,1259,79.4
1377,13779900,13779999,1241,80.5
1378,13789900,13789999,1287,77.7
1379,13799900,13799999,1123,89.0
1380,13809900,13809999,1191,83.9
1381,13819900,13819999,1170,85.4
1382,13829900,13829999,1289,77.5
1383,13839900,13839999,1174,85.1
1384,13849900,13849999,1179,84.8
1385,13859900,13859999,1121,89.2
1386,13869900,13869999,1147,87.1
1387,13879900,13879999,1159,86.2
1388,13889900,13889999,1163,85.9
1389,13899900,13899999,1085,92.1
1390,13909900,13909999,1241,80.5
1391,13919900,13919999,1218,82.1
1392,13929900,13929999,1205,82.9
1393,13939900,13939999,1326,75.4
1394,13949900,13949999,1252,79.8
1395,13959900,13959999,1179,84.8
1396,13969900,13969999,1044,95.7
1397,13979900,13979999,1164,85.9
1398,13989900,13989999,1211,82.5
1399,13999900,13999999,1156,86.5
1400,14009900,14009999,1190,84.0
1401,14019900,14019999,1103,90.6
1402,14029900,14029999,1170,85.4
1403,14039900,14039999,1278,78.2
1404,14049900,14049999,1197,83.5
1405,14059900,14059999,997,100.3
1406,14069900,14069999,1307,76.5
1407,14079900,14079999,1087,91.9
1408,14089900,14089999,1212,82.5
1409,14099900,14099999,1118,89.4
1410,14109900,14109999,1208,82.7
1411,14119900,14119999,1096,91.2
1412,14129900,14129999,1162,86.0
1413,14139900,14139999,1151,86.8
1414,14149900,14149999,1179,84.8
1415,14159900,14159999,1175,85.1
1416,14169900,14169999,1088,91.9
1417,14179900,14179999,1204,83.0
1418,14189900,14189999,1172,85.3
1419,14199900,14199999,1141,87.6
1420,14209900,14209999,1307,76.5
1421,14219900,14219999,1105,90.4
1422,14229900,14229999,1240,80.6
1423,14239900,14239999,1300,76.9
1424,14249900,14249999,1205,82.9
1425,14259900,14259999,1059,94.4
1426,14269900,14269999,1204,83.0
1427,14279900,14279999,1289,77.5
1428,14289900,14289999,1105,90.4
1429,14299900,14299999,1169,85.5
1430,14309900,14309999,1123,89.0
1431,14319900,14319999,1334,74.9
1432,14329900,14329999,1143,87.4
1433,14339900,14339999,1271,78.6
1434,14349900,14349999,1186,84.3
1435,14359900,14359999,1231,81.2
1436,14369900,14369999,1180,84.7
1437,14379900,14379999,1248,80.1
1438,14389900,14389999,1299,76.9
1439,14399900,14399999,1217,82.1
1440,14409900,14409999,1219,82.0
1441,14419900,14419999,1248,80.1
1442,14429900,14429999,1263,79.1
1443,14439900,14439999,1251,79.9
1444,14449900,14449999,1173,85.2
1445,14459900,14459999,1114,89.7
1446,14469900,14469999,1235,80.9
1447,14479900,14479999,1366,73.2
1448,14489900,14489999,1238,80.7
1449,14499900,14499999,1225,81.6
1450,14509900,14509999,1197,83.5
1451,14519900,14519999,1229,81.3
1452,14529900,14529999,1187,84.2
1453,14539900,14539999,1206,82.9
1454,14549900,14549999,1160,86.2
1455,14559900,14559999,1208,82.7
1456,14569900,14569999,1111,90.0
1457,14579900,14579999,1130,88.4
1458,14589900,14589999,1162,86.0
1459,14599900,14599999,1138,87.8
1460,14609900,14609999,1222,81.8
1461,14619900,14619999,1116,89.6
1462,14629900,14629999,1124,88.9
1463,14639900,14639999,1180,84.7
1464,14649900,14649999,1125,88.8
1465,14659900,14659999,1213,82.4
1466,14669900,14669999,1160,86.2
1467,14679900,14679999,1232,81.1
1468,14689900,14689999,917,109.0
1469,14699900,14699999,1103,90.6
1470,14709900,14709999,1262,79.2
1471,14719900,14719999,1255,79.6
1472,14729900,14729999,1312,76.2
1473,14739900,14739999,1287,77.7
1474,14749900,14749999,1242,80.5
1475,14759900,14759999,1278,78.2
1476,14769900,14769999,1219,82.0
1477,14779900,14779999,1400,71.4
1478,14789900,14789999,1279,78.1
1479,14799900,14799999,1217,82.1
1480,14809900,14809999,1209,82.7
1481,14819900,14819999,1049,95.3
1482,14829900,14829999,1241,80.5
1483,14839900,14839999,1092,91.5
1484,14849900,14849999,1127,88.7
1485,14859900,14859999,1342,74.5
1486,14869900,14869999,1193,83.8
1487,14879900,14879999,1158,86.3
1488,14889900,14889999,1187,84.2
1489,14899900,14899999,1110,90.0
1490,14909900,14909999,1110,90.0
1491,14919900,14919999,1129,88.5
1492,14929900,14929999,973,102.7
1493,14939900,14939999,1226,81.5
1494,14949900,14949999,1273,78.5
1495,14959900,14959999,1329,75.2
1496,14969900,14969999,1232,81.1
1497,14979900,14979999,1237,80.8
1498,14989900,14989999,1290,77.5
1499,14999900,14999999,1324,75.5
1500,15009900,15009999,1213,82.4
1501,15019900,15019999,1262,79.2
1502,15029900,15029999,854,117.0
1503,15039900,15039999,1192,83.8
1504,15049900,15049999,1295,77.2
1505,15059900,15059999,1165,85.8
1506,15069900,15069999,1236,80.9
1507,15079900,15079999,1074,93.1
1508,15089900,15089999,1189,84.1
1509,15099900,15099999,1072,93.2
1510,15109900,15109999,1175,85.1
1511,15119900,15119999,1214,82.3
1512,15129900,15129999,1077,92.8
1513,15139900,15139999,1260,79.3
1514,15149900,15149999,1234,81.0
1515,15159900,15159999,1099,90.9
1516,15169900,15169999,1172,85.3
1517,15179900,15179999,1298,77.0
1518,15189900,15189999,1141,87.6
1519,15199900,15199999,1015,98.5
1520,15209900,15209999,1243,80.4
1521,15219900,15219999,1115,89.6
1522,15229900,15229999,1308,76.4
1523,15239900,15239999,1248,80.1
1524,15249900,15249999,1293,77.3
1525,15259900,15259999,1071,93.3
1526,15269900,15269999,1237,80.8
1527,15279900,15279999,1260,79.3
1528,15289900,15289999,1164,85.9
1529,15299900,15299999,1145,87.3
1530,15309900,15309999,1261,79.3
1531,15319900,15319999,1223,81.7
1532,15329900,15329999,1187,84.2
1533,15339900,15339999,1256,79.6
1534,15349900,15349999,1283,77.9
1535,15359900,15359999,1061,94.2
1536,15369900,15369999,1432,69.8
1537,15379900,15379999,1256,79.6
1538,15389900,15389999,1113,89.8
1539,15399900,15399999,1204,83.0
1540,15409900,15409999,1109,90.1
1541,15419900,15419999,1248,80.1
1542,15429900,15429999,1209,82.7
1543,15439900,15439999,1249,80.0
1544,15449900,15449999,1166,85.7
1545,15459900,15459999,1154,86.6
1546,15469900,15469999,1084,92.2
1547,15479900,15479999,1224,81.6
1548,15489900,15489999,1212,82.5
1549,15499900,15499999,1049,95.3
1550,15509900,15509999,1284,77.8
1551,15519900,15519999,1267,78.9
1552,15529900,15529999,1276,78.3
1553,15539900,15539999,1348,74.1
1554,15549900,15549999,1048,95.4
1555,15559900,15559999,1154,86.6
1556,15569900,15569999,1087,91.9
1557,15579900,15579999,1107,90.3
1558,15589900,15589999,1212,82.5
1559,15599900,15599999,1016,98.4
1560,15609900,15609999,970,103.0
1561,15619900,15619999,1077,92.8
1562,15629900,15629999,1117,89.5
1563,15639900,15639999,1115,89.6
1564,15649900,15649999,1061,94.2
1565,15659900,15659999,1163,85.9
1566,15669900,15669999,1080,92.5
1567,15679900,15679999,1142,87.5
1568,15689900,15689999,1064,93.9
1569,15699900,15699999,1129,88.5
1570,15709900,15709999,1002,99.8
1571,15719900,15719999,1355,73.8
1572,15729900,15729999,1089,91.8
1573,15739900,15739999,1120,89.2
1574,15749900,15749999,1078,92.7
1575,15759900,15759999,1051,95.1
1576,15769900,15769999,1138,87.8
1577,15779900,15779999,1172,85.3
1578,15789900,15789999,1133,88.2
1579,15799900,15799999,1208,82.7
1580,15809900,15809999,1163,85.9
1581,15819900,15819999,1097,91.1
1582,15829900,15829999,1237,80.8
1583,15839900,15839999,1265,79.0
1584,15849900,15849999,1045,95.6
1585,15859900,15859999,1187,84.2
1586,15869900,15869999,1134,88.1
1587,15879900,15879999,1127,88.7
1588,15889900,15889999,1217,82.1
1589,15899900,15899999,1089,91.8
1590,15909900,15909999,1153,86.7
1591,15919900,15919999,1033,96.8
1592,15929900,15929999,1357,73.6
1593,15939900,15939999,1309,76.3
1594,15949900,15949999,1093,91.4
1595,15959900,15959999,1380,72.4
1596,15969900,15969999,1127,88.7
1597,15979900,15979999,1220,81.9
1598,15989900,15989999,1270,78.7
1599,15999900,15999999,1030,97.0
1600,16009900,16009999,1158,86.3
1601,16019900,16019999,1204,83.0
1602,16029900,16029999,1085,92.1
1603,16039900,16039999,1106,90.4
1604,16049900,16049999,1006,99.4
1605,16059900,16059999,1329,75.2
1606,16069900,16069999,1069,93.5
1607,16079900,16079999,1360,73.5
1608,16089900,16089999,1186,84.3
1609,16099900,16099999,1496,66.8
1610,16109900,16109999,1015,98.5
1611,16119900,16119999,1182,84.6
1612,16129900,16129999,1063,94.0
1613,16139900,16139999,1173,85.2
1614,16149900,16149999,1140,87.7
1615,16159900,16159999,1076,92.9
1616,16169900,16169999,1027,97.3
1617,16179900,16179999,1139,87.7
1618,16189900,16189999,1297,77.1
1619,16199900,16199999,1292,77.3
1620,16209900,16209999,1290,77.5
1621,16219900,16219999,1155,86.5
1622,16229900,16229999,1126,88.8
1623,16239900,16239999,1288,77.6
1624,16249900,16249999,975,102.5
1625,16259900,16259999,1077,92.8
1626,16269900,16269999,1419,70.4
1627,16279900,16279999,1014,98.6
1628,16289900,16289999,1525,65.5
1629,16299900,16299999,990,101.0
1630,16309900,16309999,1140,87.7
1631,16319900,16319999,1218,82.1
1632,16329900,16329999,1348,74.1
1633,16339900,16339999,1536,65.1
1634,16349900,16349999,1156,86.5
1635,16359900,16359999,1274,78.4
1636,16369900,16369999,1218,82.1
1637,16379900,16379999,1252,79.8
1638,16389900,16389999,1307,76.5
1639,16399900,16399999,1188,84.1
1640,16409900,16409999,1252,79.8
1641,16419900,16419999,1149,87.0
1642,16429900,16429999,1007,99.3
1643,16439900,16439999,1258,79.4
1644,16449900,16449999,1226,81.5
1645,16459900,16459999,1048,95.4
1646,16469900,16469999,1203,83.1
1647,16479900,16479999,1290,77.5
1648,16489900,16489999,1172,85.3
1649,16499900,16499999,1116,89.6
1650,16509900,16509999,1083,92.3
1651,16519900,16519999,1428,70.0
1652,16529900,16529999,1191,83.9
1653,16539900,16539999,1386,72.1
1654,16549900,16549999,1293,77.3
1655,16559900,16559999,1446,69.1
1656,16569900,16569999,1195,83.6
1657,16579900,16579999,1226,81.5
1658,16589900,16589999,1568,63.7
1659,16599900,16599999,1430,69.9
1660,16609900,16609999,1159,86.2
1661,16619900,16619999,1310,76.3
1662,16629900,16629999,1067,93.7
1663,16639900,16639999,1506,66.4
1664,16649900,16649999,1111,90.0
1665,16659900,16659999,1128,88.6
1666,16669900,16669999,1053,94.9
1667,16679900,16679999,1548,64.5
1668,16689900,16689999,1417,70.5
1669,16699900,16699999,1291,77.4
1670,16709900,16709999,1290,77.5
1671,16719900,16719999,1189,84.1
1672,16729900,16729999,1228,81.4
1673,16739900,16739999,1475,67.7
1674,16749900,16749999,1155,86.5
1675,16759900,16759999,1066,93.8
1676,16769900,16769999,1077,92.8
1677,16779900,16779999,997,100.3
1678,16789900,16789999,1250,80.0
1679,16799900,16799999,1109,90.1
1680,16809900,16809999,1432,69.8
1681,16819900,16819999,1227,81.4
1682,16829900,16829999,1137,87.9
1683,16839900,16839999,1077,92.8
1684,16849900,16849999,1101,90.8
1685,16859900,16859999,1324,75.5
1686,16869900,16869999,1127,88.7
1687,16879900,16879999,1242,80.5
1688,16889900,16889999,1223,81.7
1689,16899900,16899999,1220,81.9
1690,16909900,16909999,1413,70.7
1691,16919900,16919999,1147,87.1
1692,16929900,16929999,1259,79.4
1693,16939900,16939999,1078,92.7
1694,16949900,16949999,1485,67.3
1695,16959900,16959999,1611,62.0
1696,16969900,16969999,1143,87.4
1697,16979900,16979999,969,103.1
1698,16989900,16989999,1370,72.9
1699,16999900,16999999,1161,86.1
1700,17009900,17009999,1635,61.1
1701,17019900,17019999,1157,86.4
1702,17029900,17029999,1037,96.4
1703,17039900,17039999,1260,79.3
1704,17049900,17049999,1087,91.9
1705,17059900,17059999,1103,90.6
1706,17069900,17069999,1021,97.9
1707,17079900,17079999,1176,85.0
1708,17089900,17089999,1021,97.9
1709,17099900,17099999,1226,81.5
1710,17109900,17109999,1105,90.4
1711,17119900,17119999,1178,84.8
1712,17129900,17129999,1167,85.6
1713,17139900,17139999,1106,90.4
1714,17149900,17149999,1085,92.1
1715,17159900,17159999,1046,95.6
1716,17169900,17169999,1372,72.8
1717,17179900,17179999,1092,91.5
1718,17189900,17189999,926,107.9
1719,17199900,17199999,1071,93.3
1720,17209900,17209999,923,108.3
1721,17219900,17219999,1171,85.3
1722,17229900,17229999,1158,86.3
1723,17239900,17239999,960,104.1
1724,17249900,17249999,1320,75.7
1725,17259900,17259999,1028,97.2
1726,17269900,17269999,1026,97.4
1727,17279900,17279999,1159,86.2
1728,17289900,17289999,1017,98.3
1729,17299900,17299999,1053,94.9
1730,17309900,17309999,1044,95.7
1731,17319900,17319999,1052,95.0
1732,17329900,17329999,1097,91.1
1733,17339900,17339999,1108,90.2
1734,17349900,17349999,1191,83.9
1735,17359900,17359999,1071,93.3
1736,17369900,17369999,890,112.3
1737,17379900,17379999,1055,94.7
1738,17389900,17389999,1082,92.4
1739,17399900,17399999,1099,90.9
1740,17409900,17409999,1051,95.1
1741,17419900,17419999,1172,85.3
1742,17429900,17429999,1203,83.1
1743,17439900,17439999,1148,87.1
1744,17449900,17449999,1310,76.3
1745,17459900,17459999,1068,93.6
1746,17469900,17469999,1101,90.8
1747,17479900,17479999,1011,98.9
1748,17489900,17489999,1172,85.3
1749,17499900,17499999,1268,78.8
1750,17509900,17509999,1010,99.0
1751,17519900,17519999,1073,93.1
1752,17529900,17529999,1134,88.1
1753,17539900,17539999,1036,96.5
1754,17549900,17549999,1137,87.9
1755,17559900,17559999,1241,80.5
1756,17569900,17569999,1280,78.1
1757,17579900,17579999,1162,86.0
1758,17589900,17589999,1366,73.2
1759,17599900,17599999,1047,95.5
1760,17609900,17609999,1163,85.9
1761,17619900,17619999,1219,82.0
1762,17629900,17629999,914,109.4
1763,17639900,17639999,1225,81.6
1764,17649900,17649999,1113,89.8
1765,17659900,17659999,1143,87.4
1766,17669900,17669999,1344,74.4
1767,17679900,17679999,1100,90.9
1768,17689900,17689999,1331,75.1
1769,17699900,17699999,1167,85.6
1770,17709900,17709999,1097,91.1
1771,17719900,17719999,1012,98.8
1772,17729900,17729999,1039,96.2
1773,17739900,17739999,1365,73.2
1774,17749900,17749999,1056,94.6
1775,17759900,17759999,1508,66.3
1776,17769900,17769999,1080,92.5
1777,17779900,17779999,1065,93.8
1778,17789900,17789999,907,110.2
1779,17799900,17799999,1053,94.9
1780,17809900,17809999,1409,70.9
1781,17819900,17819999,1414,70.7
1782,17829900,17829999,1013,98.7
1783,17839900,17839999,1242,80.5
1784,17849900,17849999,1065,93.8
1785,17859900,17859999,1066,93.8
1786,17869900,17869999,1087,91.9
1787,17879900,17879999,1084,92.2
1788,17889900,17889999,1139,87.7
1789,17899900,17899999,1030,97.0
1790,17909900,17909999,1193,83.8
1791,17919900,17919999,1341,74.5
1792,17929900,17929999,1114,89.7
1793,17939900,17939999,1250,80.0
1794,17949900,17949999,1166,85.7
1795,17959900,17959999,1029,97.1
1796,17969900,17969999,1178,84.8
1797,17979900,17979999,1010,99.0
1798,17989900,17989999,1223,81.7
1799,17999900,17999999,1093,91.4
1800,18009900,18009999,1015,98.5
1801,18019900,18019999,1317,75.9
1802,18029900,18029999,1001,99.9
1803,18039900,18039999,1193,83.8
1804,18049900,18049999,1030,97.0
1805,18059900,18059999,1191,83.9
1806,18069900,18069999,1296,77.1
1807,18079900,18079999,994,100.6
1808,18089900,18089999,1191,83.9
1809,18099900,18099999,1303,76.7
1810,18109900,18109999,1089,91.8
1811,18119900,18119999,1235,80.9
1812,18129900,18129999,990,101.0
1813,18139900,18139999,1329,75.2
1814,18149900,18149999,1016,98.4
1815,18159900,18159999,1097,91.1
1816,18169900,18169999,1140,87.7
1817,18179900,18179999,1071,93.3
1818,18189900,18189999,1242,80.5
1819,18199900,18199999,1209,82.7
1820,18209900,18209999,1140,87.7
1821,18219900,18219999,1060,94.3
1822,18229900,18229999,1116,89.6
1823,18239900,18239999,1228,81.4
1824,18249900,18249999,1154,86.6
1825,18259900,18259999,1611,62.0
1826,18269900,18269999,1171,85.3
1827,18279900,18279999,1188,84.1
1828,18289900,18289999,1373,72.8
1829,18299900,18299999,1127,88.7
1830,18309900,18309999,1125,88.8
1831,18319900,18319999,1418,70.5
1832,18329900,18329999,1113,89.8
1833,18339900,18339999,1445,69.2
1834,18349900,18349999,1217,82.1
1835,18359900,18359999,1208,82.7
1836,18369900,18369999,1152,86.8
1837,18379900,18379999,1213,82.4
1838,18389900,18389999,1418,70.5
1839,18399900,18399999,1228,81.4
1840,18409900,18409999,1171,85.3
1841,18419900,18419999,1253,79.8
1842,18429900,18429999,1099,90.9
1843,18439900,18439999,1202,83.1
1844,18449900,18449999,1071,93.3
1845,18459900,18459999,1342,74.5
1846,18469900,18469999,1235,80.9
1847,18479900,18479999,1264,79.1
1848,18489900,18489999,1218,82.1
1849,18499900,18499999,1247,80.1
1850,18509900,18509999,1354,73.8
1851,18519900,18519999,1139,87.7
1852,18529900,18529999,1016,98.4
1853,18539900,18539999,1600,62.5
1854,18549900,18549999,1338,74.7
1855,18559900,18559999,1289,77.5
1856,18569900,18569999,1231,81.2
1857,18579900,18579999,1109,90.1
1858,18589900,18589999,1580,63.2
1859,18599900,18599999,1235,80.9
1860,18609900,18609999,1152,86.8
1861,18619900,18619999,1313,76.1
1862,18629900,18629999,1155,86.5
1863,18639900,18639999,1293,77.3
1864,18649900,18649999,1149,87.0
1865,18659900,18659999,1391,71.8
1866,18669900,18669999,1367,73.1
1867,18679900,18679999,1158,86.3
1868,18689900,18689999,1019,98.1
1869,18699900,18699999,1192,83.8
1870,18709900,18709999,1147,87.1
1871,18719900,18719999,1133,88.2
1872,18729900,18729999,1115,89.6
1873,18739900,18739999,1266,78.9
1874,18749900,18749999,1243,80.4
1875,18759900,18759999,1463,68.3
1876,18769900,18769999,1225,81.6
1877,18779900,18779999,1215,82.3
1878,18789900,18789999,1089,91.8
1879,18799900,18799999,1224,81.6
1880,18809900,18809999,1320,75.7
1881,18819900,18819999,1302,76.8
1882,18829900,18829999,1285,77.8
1883,18839900,18839999,1157,86.4
1884,18849900,18849999,1258,79.4
1885,18859900,18859999,1234,81.0
1886,18869900,18869999,1250,80.0
1887,18879900,18879999,1364,73.3
1888,18889900,18889999,1092,91.5
1889,18899900,18899999,1099,90.9
1890,18909900,18909999,1366,73.2
1891,18919900,18919999,1299,76.9
1892,18929900,18929999,1038,96.3
1893,18939900,18939999,1254,79.7
1894,18949900,18949999,1245,80.3
1895,18959900,18959999,1317,75.9
1896,18969900,18969999,1302,76.8
1897,18979900,18979999,1264,79.1
1898,18989900,18989999,1143,87.4
1899,18999900,18999999,1105,90.4
1900,19009900,19009999,1219,82.0
1901,19019900,19019999,983,101.7
1902,19029900,19029999,1065,93.8
1903,19039900,19039999,1468,68.1
1904,19049900,19049999,1316,75.9
1905,19059900,19059999,1207,82.8
1906,19069900,19069999,1291,77.4
1907,19079900,19079999,1294,77.2
1908,19089900,19089999,1226,81.5
1909,19099900,19099999,1317,75.9
1910,19109900,19109999,1451,68.9
1911,19119900,19119999,1229,81.3
1912,19129900,19129999,1292,77.3
1913,19139900,19139999,1054,94.8
1914,19149900,19149999,1401,71.3
1915,19159900,19159999,1315,76.0
1916,19169900,19169999,1078,92.7
1917,19179900,19179999,1118,89.4
1918,19189900,19189999,1008,99.2
1919,19199900,19199999,1173,85.2
1920,19209900,19209999,1537,65.0
1921,19219900,19219999,1135,88.1
1922,19229900,19229999,1233,81.1
1923,19239900,19239999,1255,79.6
1924,19249900,19249999,1351,74.0
1925,19259900,19259999,1195,83.6
1926,19269900,19269999,1148,87.1
1927,19279900,19279999,1217,82.1
1928,19289900,19289999,1231,81.2
1929,19299900,19299999,1212,82.5
1930,19309900,19309999,1628,61.4
1931,19319900,19319999,1175,85.1
1932,19329900,19329999,1292,77.3
1933,19339900,19339999,1264,79.1
1934,19349900,19349999,1467,68.1
1935,19359900,19359999,1181,84.6
1936,19369900,19369999,1201,83.2
1937,19379900,19379999,1232,81.1
1938,19389900,19389999,1368,73.0
1939,19399900,19399999,1316,75.9
1940,19409900,19409999,1280,78.1
1941,19419900,19419999,1287,77.7
1942,19429900,19429999,1561,64.0
1943,19439900,19439999,1608,62.1
1944,19449900,19449999,1362,73.4
1945,19459900,19459999,1609,62.1
1946,19469900,19469999,1319,75.8
1947,19479900,19479999,1591,62.8
1948,19489900,19489999,1415,70.6
1949,19499900,19499999,1584,63.1
1950,19509900,19509999,1701,58.7
1951,19519900,19519999,1227,81.4
1952,19529900,19529999,1356,73.7
1953,19539900,19539999,1336,74.8
1954,19549900,19549999,1230,81.3
1955,19559900,19559999,1472,67.9
1956,19569900,19569999,1263,79.1
1957,19579900,19579999,1538,65.0
1958,19589900,19589999,1269,78.8
1959,19599900,19599999,1377,72.6
1960,19609900,19609999,1505,66.4
1961,19619900,19619999,1328,75.3
1962,19629900,19629999,1509,66.2
1963,19639900,19639999,1285,77.8
1964,19649900,19649999,1634,61.1
1965,19659900,19659999,1395,71.6
1966,19669900,19669999,1360,73.5
1967,19679900,19679999,1418,70.5
1968,19689900,19689999,1300,76.9
1969,19699900,19699999,1571,63.6
1970,19709900,19709999,1649,60.6
1971,19719900,19719999,1353,73.9
1972,19729900,19729999,1554,64.3
1973,19739900,19739999,1369,73.0
1974,19749900,19749999,1368,73.0
1975,19759900,19759999,1185,84.3
1976,19769900,19769999,1283,77.9
1977,19779900,19779999,1181,84.6
1978,19789900,19789999,1459,68.5
1979,19799900,19799999,1206,82.9
1980,19809900,19809999,1295,77.2
1981,19819900,19819999,1230,81.3
1982,19829900,19829999,1345,74.3
1983,19839900,19839999,1202,83.1
1984,19849900,19849999,1476,67.7
1985,19859900,19859999,1238,80.7
1986,19869900,19869999,1183,84.5
1987,19879900,19879999,1333,75.0
1988,19889900,19889999,1497,66.8
1989,19899900,19899999,1145,87.3
1990,19909900,19909999,1263,79.1
1991,19919900,19919999,1308,76.4
1992,19929900,19929999,1367,73.1
1993,19939900,19939999,1386,72.1
1994,19949900,19949999,1162,86.0
1995,19959900,19959999,1171,85.3
1996,19969900,19969999,1330,75.1
1997,19979900,19979999,1283,77.9
1998,19989900,19989999,1266,78.9
1999,19999900,19999999,1365,73.2
2000,20009900,20009999,1208,82.7
2001,20019900,20019999,1182,84.6
2002,20029900,20029999,1280,78.1
2003,20039900,20039999,1270,78.7
2004,20049900,20049999,1328,75.3
2005,20059900,20059999,1568,63.7
2006,20069900,20069999,1259,79.4
2007,20079900,20079999,1155,86.5
2008,20089900,20089999,1324,75.5
2009,20099900,20099999,1397,71.5
2010,20109900,20109999,1572,63.6
2011,20119900,20119999,1306,76.5
2012,20129900,20129999,1229,81.3
2013,20139900,20139999,1305,76.6
2014,20149900,20149999,1411,70.8
2015,20159900,20159999,1618,61.8
2016,20169900,20169999,1368,73.0
2017,20179900,20179999,1188,84.1
2018,20189900,20189999,1334,74.9
2019,20199900,20199999,1449,69.0
2020,20209900,20209999,1737,57.5
2021,20219900,20219999,1375,72.7
2022,20229900,20229999,1368,73.0
2023,20239900,20239999,1347,74.2
2024,20249900,20249999,1421,70.3
2025,20259900,20259999,1469,68.0
2026,20269900,20269999,1448,69.0
2027,20279900,20279999,1373,72.8
2028,20289900,20289999,1477,67.7
2029,20299900,20299999,1209,82.7
2030,20309900,20309999,1660,60.2
2031,20319900,20319999,1249,80.0
2032,20329900,20329999,1415,70.6
2033,20339900,20339999,1524,65.6
2034,20349900,20349999,1443,69.3
2035,20359900,20359999,1453,68.8
2036,20369900,20369999,1175,85.1
2037,20379900,20379999,1547,64.6
2038,20389900,20389999,1374,72.7
2039,20399900,20399999,1168,85.6
2040,20409900,20409999,1257,79.5
2041,20419900,20419999,1126,88.8
2042,20429900,20429999,1308,76.4
2043,20439900,20439999,1169,85.5
2044,20449900,20449999,1445,69.2
2045,20459900,20459999,1416,70.6
2046,20469900,20469999,1245,80.3
2047,20479900,20479999,1487,67.2
2048,20489900,20489999,1191,83.9
2049,20499900,20499999,1399,71.4
2050,20509900,20509999,1339,74.6
2051,20519900,20519999,1258,79.4
2052,20529900,20529999,1342,74.5
2053,20539900,20539999,1398,71.5
2054,20549900,20549999,1234,81.0
2055,20559900,20559999,1216,82.2
2056,20569900,20569999,1378,72.5
2057,20579900,20579999,1291,77.4
2058,20589900,20589999,1483,67.4
2059,20599900,20599999,1277,78.3
2060,20609900,20609999,1251,79.9
2061,20619900,20619999,1375,72.7
2062,20629900,20629999,1334,74.9
2063,20639900,20639999,1188,84.1
2064,20649900,20649999,1270,78.7
2065,20659900,20659999,1165,85.8
2066,20669900,20669999,1200,83.3
2067,20679900,20679999,1141,87.6
2068,20689900,20689999,1196,83.6
2069,20699900,20699999,1491,67.0
2070,20709900,20709999,1262,79.2
2071,20719900,20719999,1063,94.0
2072,20729900,20729999,1319,75.8
2073,20739900,20739999,1319,75.8
2074,20749900,20749999,1526,65.5
2075,20759900,20759999,1403,71.2
2076,20769900,20769999,1229,81.3
2077,20779900,20779999,939,106.4
2078,20789900,20789999,1127,88.7
2079,20799900,20799999,1086,92.0
2080,20809900,20809999,1390,71.9
2081,20819900,20819999,1381,72.4
2082,20829900,20829999,1048,95.4
2083,20839900,20839999,1507,66.3
2084,20849900,20849999,1331,75.1
2085,20859900,20859999,1547,64.6
2086,20869900,20869999,1300,76.9
2087,20879900,20879999,1384,72.2
2088,20889900,20889999,1299,76.9
2089,20899900,20899999,1255,79.6
2090,20909900,20909999,1523,65.6
2091,20919900,20919999,1363,73.3
2092,20929900,20929999,1223,81.7
2093,20939900,20939999,1249,80.0
2094,20949900,20949999,1167,85.6
2095,20959900,20959999,1518,65.8
2096,20969900,20969999,1113,89.8
2097,20979900,20979999,1307,76.5
2098,20989900,20989999,1115,89.6
2099,20999900,20999999,1064,93.9
2100,21009900,21009999,1281,78.0
2101,21019900,21019999,1333,75.0
2102,21029900,21029999,1183,84.5
2103,21039900,21039999,1688,59.2
2104,21049900,21049999,1201,83.2
2105,21059900,21059999,1172,85.3
2106,21069900,21069999,1487,67.2
2107,21079900,21079999,1145,87.3
2108,21089900,21089999,1275,78.4
2109,21099900,21099999,1407,71.0
2110,21109900,21109999,1498,66.7
2111,21119900,21119999,1402,71.3
2112,21129900,21129999,1290,77.5
2113,21139900,21139999,1484,67.3
2114,21149900,21149999,1427,70.0
2115,21159900,21159999,1233,81.1
2116,21169900,21169999,1284,77.8
2117,21179900,21179999,1322,75.6
2118,21189900,21189999,1465,68.2
2119,21199900,21199999,1463,68.3
2120,21209900,21209999,1351,74.0
2121,21219900,21219999,1383,72.3
2122,21229900,21229999,1300,76.9
2123,21239900,21239999,1490,67.1
2124,21249900,21249999,1260,79.3
2125,21259900,21259999,1424,70.2
2126,21269900,21269999,1369,73.0
2127,21279900,21279999,1482,67.4
2128,21289900,21289999,1299,76.9
2129,21299900,21299999,1419,70.4
2130,21309900,21309999,1419,70.4
2131,21319900,21319999,1356,73.7
2132,21329900,21329999,1382,72.3
2133,21339900,21339999,1429,69.9
2134,21349900,21349999,1400,71.4
2135,21359900,21359999,1319,75.8
2136,21369900,21369999,1557,64.2
2137,21379900,21379999,1268,78.8
2138,21389900,21389999,1514,66.0
2139,21399900,21399999,1398,71.5
2140,21409900,21409999,1377,72.6
2141,21419900,21419999,1294,77.2
2142,21429900,21429999,1296,77.1
2143,21439900,21439999,1369,73.0
2144,21449900,21449999,1465,68.2
2145,21459900,21459999,1384,72.2
2146,21469900,21469999,1590,62.8
2147,21479900,21479999,1314,76.1
2148,21489900,21489999,1461,68.4
2149,21499900,21499999,1371,72.9
2150,21509900,21509999,1495,66.8
2151,21519900,21519999,1451,68.9
2152,21529900,21529999,1202,83.1
2153,21539900,21539999,1391,71.8
2154,21549900,21549999,1414,70.7
2155,21559900,21559999,1356,73.7
2156,21569900,21569999,1449,69.0
2157,21579900,21579999,1318,75.8
2158,21589900,21589999,1407,71.0
2159,21599900,21599999,1514,66.0
2160,21609900,21609999,1395,71.6
2161,21619900,21619999,1383,72.3
2162,21629900,21629999,1461,68.4
2163,21639900,21639999,1358,73.6
2164,21649900,21649999,1378,72.5
2165,21659900,21659999,1354,73.8
2166,21669900,21669999,1544,64.7
2167,21679900,21679999,1383,72.3
2168,21689900,21689999,1290,77.5
2169,21699900,21699999,1480,67.5
2170,21709900,21709999,1447,69.1
2171,21719900,21719999,1545,64.7
2172,21729900,21729999,1457,68.6
2173,21739900,21739999,1287,77.7
2174,21749900,21749999,1431,69.8
2175,21759900,21759999,1370,72.9
2176,21769900,21769999,1558,64.1
2177,21779900,21779999,1753,57.0
2178,21789900,21789999,1459,68.5
2179,21799900,21799999,1655,60.4
2180,21809900,21809999,1552,64.4
2181,21819900,21819999,1459,68.5
2182,21829900,21829999,1591,62.8
2183,21839900,21839999,1620,61.7
2184,21849900,21849999,1455,68.7
2185,21859900,21859999,1596,62.6
2186,21869900,21869999,1474,67.8
2187,21879900,21879999,1470,68.0
2188,21889900,21889999,1767,56.5
2189,21899900,21899999,1430,69.9
2190,21909900,21909999,1485,67.3
2191,21919900,21919999,1783,56.0
2192,21929900,21929999,1556,64.2
2193,21939900,21939999,1741,57.4
2194,21949900,21949999,1574,63.5
2195,21959900,21959999,1552,64.4
2196,21969900,21969999,1666,60.0
2197,21979900,21979999,1507,66.3
2198,21989900,21989999,1917,52.1
2199,21999900,21999999,1129,88.5
2200,22009900,22009999,1780,56.1
2201,22019900,22019999,1781,56.1
2202,22029900,22029999,1607,62.2
2203,22039900,22039999,1689,59.2
2204,22049900,22049999,1479,67.6
2205,22059900,22059999,1469,68.0
2206,22069900,22069999,1387,72.0
2207,22079900,22079999,1478,67.6
2208,22089900,22089999,1603,62.3
2209,22099900,22099999,1337,74.7
2210,22109900,22109999,1440,69.4
2211,22119900,22119999,1656,60.3
2212,22129900,22129999,1638,61.0
2213,22139900,22139999,1718,58.2
2214,22149900,22149999,1423,70.2
2215,22159900,22159999,1377,72.6
2216,22169900,22169999,1551,64.4
2217,22179900,22179999,1703,58.7
2218,22189900,22189999,1715,58.3
2219,22199900,22199999,1419,70.4
2220,22209900,22209999,1932,51.7
2221,22219900,22219999,1592,62.8
2222,22229900,22229999,1649,60.6
2223,22239900,22239999,1638,61.0
2224,22249900,22249999,1382,72.3
2225,22259900,22259999,1461,68.4
2226,22269900,22269999,1530,65.3
2227,22279900,22279999,1778,56.2
2228,22289900,22289999,1601,62.4
2229,22299900,22299999,1507,66.3
2230,22309900,22309999,1526,65.5
2231,22319900,22319999,1489,67.1
2232,22329900,22329999,1615,61.9
2233,22339900,22339999,1471,67.9
2234,22349900,22349999,1706,58.6
2235,22359900,22359999,1488,67.2
2236,22369900,22369999,1900,52.6
2237,22379900,22379999,1503,66.5
2238,22389900,22389999,1717,58.2
2239,22399900,22399999,1433,69.7
2240,22409900,22409999,1410,70.9
2241,22419900,22419999,1756,56.9
2242,22429900,22429999,1526,65.5
2243,22439900,22439999,1772,56.4
2244,22449900,22449999,1536,65.1
2245,22459900,22459999,1545,64.7
2246,22469900,22469999,1763,56.7
2247,22479900,22479999,1785,56.0
2248,22489900,22489999,1453,68.8
2249,22499900,22499999,1602,62.4
2250,22509900,22509999,1454,68.7
2251,22519900,22519999,1538,65.0
2252,22529900,22529999,2016,49.6
2253,22539900,22539999,1321,75.7
2254,22549900,22549999,1901,52.6
2255,22559900,22559999,1616,61.8
2256,22569900,22569999,1703,58.7
2257,22579900,22579999,1669,59.9
2258,22589900,22589999,1822,54.8
2259,22599900,22599999,1819,54.9
2260,22609900,22609999,1424,70.2
2261,22619900,22619999,1710,58.4
2262,22629900,22629999,1454,68.7
2263,22639900,22639999,1464,68.3
2264,22649900,22649999,1719,58.1
2265,22659900,22659999,1692,59.1
2266,22669900,22669999,1723,58.0
2267,22679900,22679999,1678,59.5
2268,22689900,22689999,1814,55.1
2269,22699900,22699999,1544,64.7
2270,22709900,22709999,1551,64.4
2271,22719900,22719999,1476,67.7
2272,22729900,22729999,1535,65.1
2273,22739900,22739999,1557,64.2
2274,22749900,22749999,1575,63.4
2275,22759900,22759999,1589,62.9
2276,22769900,22769999,1765,56.6
2277,22779900,22779999,1387,72.0
2278,22789900,22789999,1523,65.6
2279,22799900,22799999,1670,59.8
2280,22809900,22809999,1517,65.9
2281,22819900,22819999,1500,66.6
2282,22829900,22829999,1617,61.8
2283,22839900,22839999,1579,63.3
2284,22849900,22849999,1704,58.6
2285,22859900,22859999,1405,71.1
2286,22869900,22869999,1601,62.4
2287,22879900,22879999,1536,65.1
2288,22889900,22889999,1649,60.6
2289,22899900,22899999,1915,52.2
2290,22909900,22909999,1847,54.1
2291,22919900,22919999,1712,58.4
2292,22929900,22929999,1650,60.6
2293,22939900,22939999,1227,81.4
2294,22949900,22949999,2106,47.4
2295,22959900,22959999,1593,62.7
2296,22969900,22969999,1895,52.7
2297,22979900,22979999,2299,43.4
2298,22989900,22989999,2072,48.2
2299,22999900,22999999,1883,53.1
2300,23009900,23009999,2222,45.0
2301,23019900,23019999,2076,48.1
2302,23029900,23029999,1552,64.4
2303,23039900,23039999,1837,54.4
2304,23049900,23049999,1939,51.5
2305,23059900,23059999,2327,42.9
2306,23069900,23069999,1887,52.9
2307,23079900,23079999,2048,48.8
2308,23089900,23089999,2048,48.8
2309,23099900,23099999,2235,44.7
2310,23109900,23109999,2349,42.5
2311,23119900,23119999,2225,44.9
2312,23129900,23129999,2297,43.5
2313,23139900,23139999,2061,48.5
2314,23149900,23149999,2111,47.3
2315,23159900,23159999,1850,54.0
2316,23169900,23169999,2106,47.4
2317,23179900,23179999,1716,58.2
2318,23189900,23189999,2216,45.1
2319,23199900,23199999,2106,47.4
2320,23209900,23209999,1885,53.0
2321,23219900,23219999,2029,49.2
2322,23229900,23229999,2097,47.6
2323,23239900,23239999,2196,45.5
2324,23249900,23249999,1984,50.4
2325,23259900,23259999,1992,50.2
2326,23269900,23269999,1935,51.6
2327,23279900,23279999,1918,52.1
2328,23289900,23289999,1895,52.7
2329,23299900,23299999,2049,48.8
2330,23309900,23309999,1889,52.9
2331,23319900,23319999,2184,45.7
2332,23329900,23329999,1990,50.2
2333,23339900,23339999,2088,47.8
2334,23349900,23349999,2137,46.7
2335,23359900,23359999,1996,50.1
2336,23369900,23369999,1753,57.0
2337,23379900,23379999,2269,44.0
2338,23389900,23389999,1752,57.0
2339,23399900,23399999,1880,53.1
2340,23409900,23409999,1931,51.7
2341,23419900,23419999,2116,47.2
2342,23429900,23429999,2050,48.7
2343,23439900,23439999,2102,47.5
2344,23449900,23449999,2432,41.1
2345,23459900,23459999,2054,48.6
2346,23469900,23469999,1800,55.5
2347,23479900,23479999,2651,37.7
2348,23489900,23489999,2103,47.5
2349,23499900,23499999,1652,60.5
2350,23509900,23509999,2221,45.0
2351,23519900,23519999,1919,52.1
2352,23529900,23529999,1658,60.3
2353,23539900,23539999,2004,49.9
2354,23549900,23549999,2336,42.8
2355,23559900,23559999,2384,41.9
2356,23569900,23569999,2066,48.4
2357,23579900,23579999,2279,43.8
2358,23589900,23589999,2087,47.9
2359,23599900,23599999,2254,44.3
2360,23609900,23609999,2168,46.1
2361,23619900,23619999,1990,50.2
2362,23629900,23629999,1857,53.8
2363,23639900,23639999,2007,49.8
2364,23649900,23649999,1917,52.1
2365,23659900,23659999,1750,57.1
2366,23669900,23669999,2092,47.8
2367,23679900,23679999,1973,50.6
2368,23689900,23689999,2190,45.6
2369,23699900,23699999,2752,36.3
2370,23709900,23709999,1847,54.1
2371,23719900,23719999,1962,50.9
2372,23729900,23729999,2132,46.9
2373,23739900,23739999,1681,59.4
2374,23749900,23749999,2097,47.6
2375,23759900,23759999,2043,48.9
2376,23769900,23769999,1878,53.2
2377,23779900,23779999,1886,53.0
2378,23789900,23789999,2059,48.5
2379,23799900,23799999,1999,50.0
2380,23809900,23809999,1823,54.8
2381,23819900,23819999,2047,48.8
2382,23829900,23829999,1861,53.7
2383,23839900,23839999,1889,52.9
2384,23849900,23849999,2123,47.1
2385,23859900,23859999,1914,52.2
2386,23869900,23869999,1946,51.3
2387,23879900,23879999,2344,42.6
2388,23889900,23889999,3078,32.4
2389,23899900,23899999,2399,41.6
2390,23909900,23909999,2191,45.6
2391,23919900,23919999,2603,38.4
2392,23929900,23929999,2582,38.7
2393,23939900,23939999,2672,37.4
2394,23949900,23949999,2401,41.6
2395,23959900,23959999,2976,33.6
2396,23969900,23969999,2808,35.6
2397,23979900,23979999,3184,31.4
2398,23989900,23989999,2886,34.6
2399,23999900,23999999,2167,46.1
2400,24009900,24009999,2688,37.2
2401,24019900,24019999,2636,37.9
2402,24029900,24029999,2694,37.1
2403,24039900,24039999,2623,38.1
2404,24049900,24049999,2352,42.5
2405,24059900,24059999,2277,43.9
2406,24069900,24069999,2585,38.6
2407,24079900,24079999,2606,38.3
2408,24089900,24089999,2727,36.6
2409,24099900,24099999,2531,39.5
2410,24109900,24109999,2265,44.1
2411,24119900,24119999,2677,37.3
2412,24129900,24129999,2920,34.2
2413,24139900,24139999,2442,40.9
2414,24149900,24149999,2731,36.6
2415,24159900,24159999,2570,38.9
2416,24169900,24169999,2651,37.7
2417,24179900,24179999,2627,38.0
2418,24189900,24189999,2536,39.4
2419,24199900,24199999,2396,41.7
2420,24209900,24209999,2135,46.8
2421,24219900,24219999,2364,42.3
2422,24229900,24229999,2541,39.3
2423,24239900,24239999,2590,38.6
2424,24249900,24249999,2783,35.9
2425,24259900,24259999,2647,37.7
2426,24269900,24269999,2471,40.4
2427,24279900,24279999,2593,38.5
2428,24289900,24289999,2554,39.1
2429,24299900,24299999,2503,39.9
2430,24309900,24309999,2368,42.2
2431,24319900,24319999,2594,38.5
2432,24329900,24329999,2423,41.2
2433,24339900,24339999,2352,42.5
2434,24349900,24349999,2641,37.8
2435,24359900,24359999,2432,41.1
2436,24369900,24369999,2596,38.5
2437,24379900,24379999,2635,37.9
2438,24389900,24389999,2556,39.1
2439,24399900,24399999,2844,35.1
2440,24409900,24409999,3056,32.7
2441,24419900,24419999,2731,36.6
2442,24429900,24429999,2577,38.8
2443,24439900,24439999,2711,36.8
2444,24449900,24449999,2475,40.4
2445,24459900,24459999,2545,39.2
2446,24469900,24469999,2449,40.8
2447,24479900,24479999,2212,45.2
2448,24489900,24489999,2409,41.5
2449,24499900,24499999,2556,39.1
2450,24509900,24509999,2049,48.8
2451,24519900,24519999,2757,36.2
2452,24529900,24529999,2341,42.7
2453,24539900,24539999,2753,36.3
2454,24549900,24549999,2753,36.3
2455,24559900,24559999,2472,40.4
2456,24569900,24569999,2451,40.7
2457,24579900,24579999,2432,41.1
2458,24589900,24589999,2492,40.1
2459,24599900,24599999,2434,41.0
2460,24609900,24609999,2438,41.0
2461,24619900,24619999,2554,39.1
2462,24629900,24629999,2451,40.7
2463,24639900,24639999,2636,37.9
2464,24649900,24649999,2395,41.7
2465,24659900,24659999,2473,40.4
2466,24669900,24669999,2686,37.2
2467,24679900,24679999,2681,37.2
2468,24689900,24689999,2771,36.0
2469,24699900,24699999,2297,43.5
2470,24709900,24709999,2547,39.2
2471,24719900,24719999,2623,38.1
2472,24729900,24729999,2477,40.3
2473,24739900,24739999,2379,42.0
2474,24749900,24749999,2619,38.1
2475,24759900,24759999,2279,43.8
2476,24769900,24769999,2219,45.0
2477,24779900,24779999,2450,40.8
2478,24789900,24789999,2624,38.1
2479,24799900,24799999,2293,43.6
2480,24809900,24809999,2202,45.4
2481,24819900,24819999,2287,43.7
2482,24829900,24829999,2653,37.6
2483,24839900,24839999,3046,32.8
2484,24849900,24849999,2447,40.8
2485,24859900,24859999,2481,40.3
2486,24869900,24869999,2538,39.4
2487,24879900,24879999,2786,35.8
2488,24889900,24889999,2629,38.0
2489,24899900,24899999,2525,39.6
2490,24909900,24909999,2814,35.5
2491,24919900,24919999,2815,35.5
2492,24929900,24929999,2256,44.3
2493,24939900,24939999,2660,37.5
2494,24949900,24949999,2396,41.7
2495,24959900,24959999,1952,51.2
2496,24969900,24969999,2109,47.4
2497,24979900,24979999,1723,58.0
2498,24989900,24989999,1913,52.2
2499,24999900,24999999,2295,43.5
2500,25009900,25009999,2212,45.2
2501,25019900,25019999,2548,39.2
2502,25029900,25029999,2345,42.6
2503,25039900,25039999,2367,42.2
2504,25049900,25049999,2016,49.6
2505,25059900,25059999,2468,40.5
2506,25069900,25069999,2964,33.7
2507,25079900,25079999,2413,41.4
2508,25089900,25089999,2885,34.6
2509,25099900,25099999,2238,44.6
2510,25109900,25109999,2448,40.8
